workload,batch_size,batch_index,block_distribution,zipf_alpha,n,r_size,r_prime_size,n_r,n_r_prime,deleted_count,seed,incremental_total_time,static_update_time,static_check_time,static_total_time,speedup,touched_block_entries,touched_block_count,primitive_update_count,result_match,inc_is_repair,static_is_repair,code_version,active_block_count,mean_deleted_block_size,median_deleted_block_size,p95_deleted_block_size,p99_deleted_block_size,max_deleted_block_size
swap,1,0,uniform,,110000,110000,100000,110000,100000,10000,42,5.2400020649656653e-05,4.1000021155923605e-06,0.18652879999717698,0.18653289999929257,3559.786765093857,20,2,2,True,True,True,68869e6,1000,10.0,10.0,10.0,10.0,10
swap,1,1,uniform,,110000,110000,100000,110000,100000,10000,42,5.830000736750662e-05,4.8999791033566e-06,0.2083969000086654,0.20840179998776875,3574.644488019757,20,2,2,True,True,True,68869e6,1000,10.0,10.0,10.0,10.0,10
swap,1,2,uniform,,110000,110000,100000,110000,100000,10000,42,3.0800001695752144e-05,2.4999899324029684e-06,0.1875544000067748,0.18755689999670722,6089.509404883395,20,2,2,True,True,True,68869e6,1000,10.0,10.0,10.0,10.0,10
swap,1,3,uniform,,110000,110000,100000,110000,100000,10000,42,3.1400006264448166e-05,2.5199988158419728e-05,0.21071200000005774,0.21073719998821616,6711.37445685219,20,2,2,True,True,True,68869e6,1000,10.0,10.0,10.0,10.0,10
swap,1,4,uniform,,110000,110000,100000,110000,100000,10000,42,4.1000021155923605e-05,3.200024366378784e-06,0.19921809999505058,0.19922130001941696,4859.053590771961,20,2,2,True,True,True,68869e6,1000,10.0,10.0,10.0,10.0,10
swap,1,5,uniform,,110000,110000,100000,110000,100000,10000,42,4.189999890513718e-05,3.0999945010989904e-06,0.19270109999342822,0.19270419998792931,4599.145704614867,20,2,2,True,True,True,68869e6,1000,10.0,10.0,10.0,10.0,10
swap,1,6,uniform,,110000,110000,100000,110000,100000,10000,42,3.6900019040331244e-05,3.400025889277458e-06,0.20350559998769313,0.2035090000135824,5515.146206053436,20,2,2,True,True,True,68869e6,1000,10.0,10.0,10.0,10.0,10
swap,1,7,uniform,,110000,110000,100000,110000,100000,10000,42,4.569999873638153e-05,3.1999952625483274e-06,0.1920797000057064,0.19208290000096895,4203.1270308997355,20,2,2,True,True,True,68869e6,1000,10.0,10.0,10.0,10.0,10
swap,1,8,uniform,,110000,110000,100000,110000,100000,10000,42,5.299999611452222e-05,7.800001185387373e-06,0.19513969999388792,0.1951474999950733,3682.02857172667,20,2,2,True,True,True,68869e6,1000,10.0,10.0,10.0,10.0,10
swap,1,9,uniform,,110000,110000,100000,110000,100000,10000,42,5.5599986808374524e-05,3.6999990697950125e-06,0.19426720001501963,0.19427090001408942,3494.0817645091265,20,2,2,True,True,True,68869e6,1000,10.0,10.0,10.0,10.0,10
swap,1,10,uniform,,110000,110000,100000,110000,100000,10000,42,5.040000542066991e-05,3.0999945010989904e-06,0.1935585000028368,0.1935615999973379,3840.5075233971097,20,2,2,True,True,True,68869e6,1000,10.0,10.0,10.0,10.0,10
swap,1,11,uniform,,110000,110000,100000,110000,100000,10000,42,4.5199994929134846e-05,3.7999998312443495e-06,0.1950195000099484,0.19502330000977963,4314.675263029117,20,2,2,True,True,True,68869e6,1000,10.0,10.0,10.0,10.0,10
swap,1,12,uniform,,110000,110000,100000,110000,100000,10000,42,3.2199983252212405e-05,2.800021320581436e-06,0.18940259999362752,0.1894054000149481,5882.158339381571,20,2,2,True,True,True,68869e6,1000,10.0,10.0,10.0,10.0,10
swap,1,13,uniform,,110000,110000,100000,110000,100000,10000,42,6.3000014051795e-05,3.700028173625469e-06,0.18800380002357997,0.1880075000517536,2984.245366948404,20,2,2,True,True,True,68869e6,1000,10.0,10.0,10.0,10.0,10
swap,1,14,uniform,,110000,110000,100000,110000,100000,10000,42,3.530000685714185e-05,2.4999899324029684e-06,0.1976827000034973,0.1976851999934297,5600.146220748801,20,2,2,True,True,True,68869e6,1000,10.0,10.0,10.0,10.0,10
swap,1,15,uniform,,110000,110000,100000,110000,100000,10000,42,4.270000499673188e-05,2.800021320581436e-06,0.19587999998475425,0.19588280000607483,4587.418667071985,20,2,2,True,True,True,68869e6,1000,10.0,10.0,10.0,10.0,10
swap,1,16,uniform,,110000,110000,100000,110000,100000,10000,42,4.67000063508749e-05,3.1999952625483274e-06,0.20525909998104908,0.20526229997631162,4395.337731521875,20,2,2,True,True,True,68869e6,1000,10.0,10.0,10.0,10.0,10
swap,1,17,uniform,,110000,110000,100000,110000,100000,10000,42,4.0099985199049115e-05,3.200024366378784e-06,0.19415019999723881,0.1941534000216052,4841.732460943879,20,2,2,True,True,True,68869e6,1000,10.0,10.0,10.0,10.0,10
swap,1,18,uniform,,110000,110000,100000,110000,100000,10000,42,4.019998596049845e-05,3.1999952625483274e-06,0.1884794000070542,0.18848260000231676,4688.623528066021,20,2,2,True,True,True,68869e6,1000,10.0,10.0,10.0,10.0,10
swap,1,19,uniform,,110000,110000,100000,110000,100000,10000,42,5.1000009989365935e-05,3.2999960239976645e-06,0.20073899999260902,0.20074229998863302,3936.1227582208317,20,2,2,True,True,True,68869e6,1000,10.0,10.0,10.0,10.0,10
swap,10,0,uniform,,110000,110000,100000,110000,100000,10000,42,0.00022749998606741428,1.3900018529966474e-05,0.1963734999881126,0.19638740000664257,863.2413715772614,200,20,20,True,True,True,68869e6,1000,10.0,10.0,10.0,10.0,10
swap,10,1,uniform,,110000,110000,100000,110000,100000,10000,42,0.00020299997413530946,2.0000006770715117e-05,0.2271797000139486,0.22719970002071932,1119.2104875307991,200,20,20,True,True,True,68869e6,1000,10.0,10.0,10.0,10.0,10
swap,10,2,uniform,,110000,110000,100000,110000,100000,10000,42,0.00015780000831000507,1.2100004823878407e-05,0.201314599980833,0.2013266999856569,1275.8345334820372,200,20,20,True,True,True,68869e6,1000,10.0,10.0,10.0,10.0,10
swap,10,3,uniform,,110000,110000,100000,110000,100000,10000,42,0.0001849000109359622,1.3699987903237343e-05,0.22498160001123324,0.22499529999913648,1216.8484948173464,200,20,20,True,True,True,68869e6,1000,10.0,10.0,10.0,10.0,10
swap,10,4,uniform,,110000,110000,100000,110000,100000,10000,42,0.00016419999883510172,1.2599979527294636e-05,0.18856060001417063,0.18857319999369793,1148.436061702248,200,20,20,True,True,True,68869e6,1000,10.0,10.0,10.0,10.0,10
swap,10,5,uniform,,110000,110000,100000,110000,100000,10000,42,0.0001598999951966107,1.2900010915473104e-05,0.19405879999976605,0.19407170001068152,1213.7067282088021,200,20,20,True,True,True,68869e6,1000,10.0,10.0,10.0,10.0,10
swap,10,6,uniform,,110000,110000,100000,110000,100000,10000,42,0.00020870001753792167,1.7000013031065464e-05,0.20361339999362826,0.20363040000665933,975.7085907750767,200,20,20,True,True,True,68869e6,1000,10.0,10.0,10.0,10.0,10
swap,10,7,uniform,,110000,110000,100000,110000,100000,10000,42,0.00015970002277754247,0.00013799997395835817,0.19898700001067482,0.19912499998463318,1246.8689516845502,200,20,20,True,True,True,68869e6,1000,10.0,10.0,10.0,10.0,10
swap,10,8,uniform,,110000,110000,100000,110000,100000,10000,42,0.00021329999435693026,1.6700010746717453e-05,0.19629240001086146,0.19630910002160817,920.3427342483188,200,20,20,True,True,True,68869e6,1000,10.0,10.0,10.0,10.0,10
swap,10,9,uniform,,110000,110000,100000,110000,100000,10000,42,0.0001875000016298145,1.4699995517730713e-05,0.23558529998990707,0.2355999999854248,1256.533322333379,200,20,20,True,True,True,68869e6,1000,10.0,10.0,10.0,10.0,10
swap,10,10,uniform,,110000,110000,100000,110000,100000,10000,42,0.00016799999866634607,1.3399985618889332e-05,0.19779170001856983,0.19780510000418872,1177.4113188955234,200,20,20,True,True,True,68869e6,1000,10.0,10.0,10.0,10.0,10
swap,10,11,uniform,,110000,110000,100000,110000,100000,10000,42,0.0001480999926570803,1.09999964479357e-05,0.19173540000338107,0.191746399999829,1294.70904461022,200,20,20,True,True,True,68869e6,1000,10.0,10.0,10.0,10.0,10
swap,10,12,uniform,,110000,110000,100000,110000,100000,10000,42,0.00019199997768737376,1.7900019884109497e-05,0.19794429998728447,0.19796220000716858,1031.0532448576785,200,20,20,True,True,True,68869e6,1000,10.0,10.0,10.0,10.0,10
swap,10,13,uniform,,110000,110000,100000,110000,100000,10000,42,0.00021650001872330904,2.0299979951232672e-05,0.2035918000037782,0.20361209998372942,940.4715121246682,200,20,20,True,True,True,68869e6,1000,10.0,10.0,10.0,10.0,10
swap,10,14,uniform,,110000,110000,100000,110000,100000,10000,42,0.0002182000025641173,1.7399986973032355e-05,0.19726939999964088,0.19728679998661391,904.1558096620181,200,20,20,True,True,True,68869e6,1000,10.0,10.0,10.0,10.0,10
swap,10,15,uniform,,110000,110000,100000,110000,100000,10000,42,0.00017660000594332814,1.379998866468668e-05,0.19228420002036728,0.19229800000903197,1088.8901106308083,200,20,20,True,True,True,68869e6,1000,10.0,10.0,10.0,10.0,10
swap,10,16,uniform,,110000,110000,100000,110000,100000,10000,42,0.00020420001237653196,2.3300002794712782e-05,0.19355359999462962,0.19357689999742433,947.9769258803018,200,20,20,True,True,True,68869e6,1000,10.0,10.0,10.0,10.0,10
swap,10,17,uniform,,110000,110000,100000,110000,100000,10000,42,0.0001697000116109848,1.3299984857439995e-05,0.18468780000694096,0.1847010999917984,1088.3976862370619,200,20,20,True,True,True,68869e6,1000,10.0,10.0,10.0,10.0,10
swap,10,18,uniform,,110000,110000,100000,110000,100000,10000,42,0.00018920001457445323,1.5999976312741637e-05,0.18924279999919236,0.1892587999755051,1000.310705055621,200,20,20,True,True,True,68869e6,1000,10.0,10.0,10.0,10.0,10
swap,10,19,uniform,,110000,110000,100000,110000,100000,10000,42,0.00022260000696405768,1.7699989257380366e-05,0.2025007999909576,0.20251849998021498,909.786584206688,200,20,20,True,True,True,68869e6,1000,10.0,10.0,10.0,10.0,10
swap,100,0,uniform,,110000,110000,100000,110000,100000,10000,42,0.0013913000002503395,0.00010750000365078449,0.19320959999458864,0.19331709999823943,138.94709980842052,2000,200,200,True,True,True,68869e6,1000,10.0,10.0,10.0,10.0,10
swap,100,1,uniform,,110000,110000,100000,110000,100000,10000,42,0.00125790000311099,0.00011659998563118279,0.1982760000100825,0.19839259999571368,157.71730622868012,2000,200,200,True,True,True,68869e6,1000,10.0,10.0,10.0,10.0,10
swap,100,2,uniform,,110000,110000,100000,110000,100000,10000,42,0.0015612999850418419,0.00011870000162161887,0.1948491999937687,0.19496789999539033,124.87536147011832,2000,200,200,True,True,True,68869e6,1000,10.0,10.0,10.0,10.0,10
swap,100,3,uniform,,110000,110000,100000,110000,100000,10000,42,0.001368400000501424,0.00011839999933727086,0.19688490001135506,0.19700330001069233,143.96616481913492,2000,200,200,True,True,True,68869e6,1000,10.0,10.0,10.0,10.0,10
swap,100,4,uniform,,110000,110000,100000,110000,100000,10000,42,0.0020592999935615808,0.0001247999898623675,0.23495189999812283,0.2350766999879852,114.15369335354467,2000,200,200,True,True,True,68869e6,1000,10.0,10.0,10.0,10.0,10
swap,100,5,uniform,,110000,110000,100000,110000,100000,10000,42,0.0015089000225998461,0.00012069998774677515,0.20751259999815375,0.20763329998590052,137.60573720990922,2000,200,200,True,True,True,68869e6,1000,10.0,10.0,10.0,10.0,10
swap,100,6,uniform,,110000,110000,100000,110000,100000,10000,42,0.0014727999805472791,0.00012879999121651053,0.20046390002244152,0.20059270001365803,136.1981957245271,2000,200,200,True,True,True,68869e6,1000,10.0,10.0,10.0,10.0,10
swap,100,7,uniform,,110000,110000,100000,110000,100000,10000,42,0.0013413999986369163,0.0001260999997612089,0.19799739998416044,0.19812349998392165,147.69904591117327,2000,200,200,True,True,True,68869e6,1000,10.0,10.0,10.0,10.0,10
swap,100,8,uniform,,110000,110000,100000,110000,100000,10000,42,0.0013153000036254525,0.00022419999004341662,0.19965029999730177,0.1998744999873452,151.96114911914944,2000,200,200,True,True,True,68869e6,1000,10.0,10.0,10.0,10.0,10
swap,100,9,uniform,,110000,110000,100000,110000,100000,10000,42,0.0015328999725170434,0.0001241000136360526,0.19579719999455847,0.19592130000819452,127.81088363286287,2000,200,200,True,True,True,68869e6,1000,10.0,10.0,10.0,10.0,10
swap,100,10,uniform,,110000,110000,100000,110000,100000,10000,42,0.0015848999901209027,0.00012969999806955457,0.19910739999613725,0.1992370999942068,125.70957236172876,2000,200,200,True,True,True,68869e6,1000,10.0,10.0,10.0,10.0,10
swap,100,11,uniform,,110000,110000,100000,110000,100000,10000,42,0.0012971999822184443,0.0001272000081371516,0.19301429999177344,0.1931414999999106,148.89107512135794,2000,200,200,True,True,True,68869e6,1000,10.0,10.0,10.0,10.0,10
swap,100,12,uniform,,110000,110000,100000,110000,100000,10000,42,0.0012419000267982483,0.00010490001295693219,0.18328160000965,0.18338650002260692,147.6660730054069,2000,200,200,True,True,True,68869e6,1000,10.0,10.0,10.0,10.0,10
swap,100,13,uniform,,110000,110000,100000,110000,100000,10000,42,0.0013439999893307686,0.00018160001491196454,0.19987529999343678,0.20005690000834875,148.85186130690752,2000,200,200,True,True,True,68869e6,1000,10.0,10.0,10.0,10.0,10
swap,100,14,uniform,,110000,110000,100000,110000,100000,10000,42,0.00125200001639314,0.00012730000889860094,0.1942556999856606,0.1943829999945592,155.2579851832215,2000,200,200,True,True,True,68869e6,1000,10.0,10.0,10.0,10.0,10
swap,100,15,uniform,,110000,110000,100000,110000,100000,10000,42,0.0014293999993242323,0.00014220000593923032,0.1922218999825418,0.19236409998848103,134.57681550260506,2000,200,200,True,True,True,68869e6,1000,10.0,10.0,10.0,10.0,10
swap,100,16,uniform,,110000,110000,100000,110000,100000,10000,42,0.001346200006082654,0.0001249000197276473,0.19947580000734888,0.19960070002707653,148.26972153112695,2000,200,200,True,True,True,68869e6,1000,10.0,10.0,10.0,10.0,10
swap,100,17,uniform,,110000,110000,100000,110000,100000,10000,42,0.0014652000099886209,0.00013569998554885387,0.1933439999993425,0.19347969998489134,132.05002638949884,2000,200,200,True,True,True,68869e6,1000,10.0,10.0,10.0,10.0,10
swap,100,18,uniform,,110000,110000,100000,110000,100000,10000,42,0.0017804999952204525,0.00017899999511428177,0.20514640002511442,0.2053254000202287,115.3189556705426,2000,200,200,True,True,True,68869e6,1000,10.0,10.0,10.0,10.0,10
swap,100,19,uniform,,110000,110000,100000,110000,100000,10000,42,0.0015830000047571957,0.00013169998419471085,0.19654210002045147,0.19667380000464618,124.24118724801424,2000,200,200,True,True,True,68869e6,1000,10.0,10.0,10.0,10.0,10
swap,1,0,zipf_1.2,1.2,110000,110000,100000,110000,100000,10000,42,3.190001007169485e-05,3.0999945010989904e-06,0.18562849998124875,0.18563159997574985,5819.170575762994,6,2,2,True,True,True,68869e6,1000,10.0,2.0,19.049999999999955,118.13999999999987,2077
swap,1,1,zipf_1.2,1.2,110000,110000,100000,110000,100000,10000,42,4.4199987314641476e-05,2.7999922167509794e-06,0.1900074000004679,0.19001019999268465,4298.874536774873,2,2,2,True,True,True,68869e6,1000,10.0,2.0,19.049999999999955,118.13999999999987,2077
swap,1,2,zipf_1.2,1.2,110000,110000,100000,110000,100000,10000,42,4.600000102072954e-05,3.4999975468963385e-06,0.2162751999858301,0.216278699983377,4701.710764873955,14,2,2,True,True,True,68869e6,1000,10.0,2.0,19.049999999999955,118.13999999999987,2077
swap,1,3,zipf_1.2,1.2,110000,110000,100000,110000,100000,10000,42,3.130000550299883e-05,2.8999929782003164e-06,0.19330849999096245,0.19331139998394065,6176.081980733826,2,2,2,True,True,True,68869e6,1000,10.0,2.0,19.049999999999955,118.13999999999987,2077
swap,1,4,zipf_1.2,1.2,110000,110000,100000,110000,100000,10000,42,4.2400002712383866e-05,3.0999945010989904e-06,0.20494399999734014,0.20494709999184124,4833.657709460049,4,2,2,True,True,True,68869e6,1000,10.0,2.0,19.049999999999955,118.13999999999987,2077
swap,1,5,zipf_1.2,1.2,110000,110000,100000,110000,100000,10000,42,4.4899992644786835e-05,2.900022082030773e-06,0.18679410000913776,0.1867970000312198,4160.290214499803,32,2,2,True,True,True,68869e6,1000,10.0,2.0,19.049999999999955,118.13999999999987,2077
swap,1,6,zipf_1.2,1.2,110000,110000,100000,110000,100000,10000,42,4.9700000090524554e-05,2.8999929782003164e-06,0.22278820001520216,0.22279110000818036,4482.7183018588385,4,2,2,True,True,True,68869e6,1000,10.0,2.0,19.049999999999955,118.13999999999987,2077
swap,1,7,zipf_1.2,1.2,110000,110000,100000,110000,100000,10000,42,3.050002851523459e-05,2.600019797682762e-06,0.1999626999895554,0.1999653000093531,6556.233214977867,6,2,2,True,True,True,68869e6,1000,10.0,2.0,19.049999999999955,118.13999999999987,2077
swap,1,8,zipf_1.2,1.2,110000,110000,100000,110000,100000,10000,42,4.549999721348286e-05,3.3999967854470015e-06,0.19380370000726543,0.19380710000405088,4259.496964246422,8,2,2,True,True,True,68869e6,1000,10.0,2.0,19.049999999999955,118.13999999999987,2077
swap,1,9,zipf_1.2,1.2,110000,110000,100000,110000,100000,10000,42,2.989999484270811e-05,3.2999960239976645e-06,0.20004890000564046,0.20005220000166446,6690.710184200998,4,2,2,True,True,True,68869e6,1000,10.0,2.0,19.049999999999955,118.13999999999987,2077
swap,1,10,zipf_1.2,1.2,110000,110000,100000,110000,100000,10000,42,4.7200010158121586e-05,2.7999922167509794e-06,0.1896679000055883,0.18967069999780506,4018.4461690241587,4,2,2,True,True,True,68869e6,1000,10.0,2.0,19.049999999999955,118.13999999999987,2077
swap,1,11,zipf_1.2,1.2,110000,110000,100000,110000,100000,10000,42,4.119999357499182e-05,2.9999937396496534e-06,0.1937264000007417,0.19372939999448135,4702.17063606714,4,2,2,True,True,True,68869e6,1000,10.0,2.0,19.049999999999955,118.13999999999987,2077
swap,1,12,zipf_1.2,1.2,110000,110000,100000,110000,100000,10000,42,5.069997860118747e-05,2.500019036233425e-06,0.19693710000137798,0.19693960002041422,3884.411896296177,12,2,2,True,True,True,68869e6,1000,10.0,2.0,19.049999999999955,118.13999999999987,2077
swap,1,13,zipf_1.2,1.2,110000,110000,100000,110000,100000,10000,42,3.429999924264848e-05,3.5999983083456755e-06,0.190700699982699,0.19070429998100735,5559.892250489801,4,2,2,True,True,True,68869e6,1000,10.0,2.0,19.049999999999955,118.13999999999987,2077
swap,1,14,zipf_1.2,1.2,110000,110000,100000,110000,100000,10000,42,5.6199991377070546e-05,4.4000043999403715e-06,0.20476419999613427,0.2047686000005342,3643.5699540708342,4,2,2,True,True,True,68869e6,1000,10.0,2.0,19.049999999999955,118.13999999999987,2077
swap,1,15,zipf_1.2,1.2,110000,110000,100000,110000,100000,10000,42,4.220000118948519e-05,3.4999975468963385e-06,0.18120010002166964,0.18120360001921654,4293.924050039276,16,2,2,True,True,True,68869e6,1000,10.0,2.0,19.049999999999955,118.13999999999987,2077
swap,1,16,zipf_1.2,1.2,110000,110000,100000,110000,100000,10000,42,4.5900000259280205e-05,2.8999929782003164e-06,0.19844959999318235,0.19845249998616055,4323.583853271042,4,2,2,True,True,True,68869e6,1000,10.0,2.0,19.049999999999955,118.13999999999987,2077
swap,1,17,zipf_1.2,1.2,110000,110000,100000,110000,100000,10000,42,3.840000135824084e-05,3.1999952625483274e-06,0.20081690000370145,0.200820099998964,5229.689919161082,4,2,2,True,True,True,68869e6,1000,10.0,2.0,19.049999999999955,118.13999999999987,2077
swap,1,18,zipf_1.2,1.2,110000,110000,100000,110000,100000,10000,42,3.269998705945909e-05,2.700020559132099e-06,0.195493399980478,0.19549610000103712,5978.476372041443,4,2,2,True,True,True,68869e6,1000,10.0,2.0,19.049999999999955,118.13999999999987,2077
swap,1,19,zipf_1.2,1.2,110000,110000,100000,110000,100000,10000,42,0.00018840000848285854,4.1000021155923605e-06,0.20014280002214946,0.20014690002426505,1062.350801552513,162,2,2,True,True,True,68869e6,1000,10.0,2.0,19.049999999999955,118.13999999999987,2077
swap,10,0,zipf_1.2,1.2,110000,110000,100000,110000,100000,10000,42,0.00015759997768327594,2.5500019546598196e-05,0.1938306999800261,0.1938561999995727,1230.052204633936,110,20,20,True,True,True,68869e6,1000,10.0,2.0,19.049999999999955,118.13999999999987,2077
swap,10,1,zipf_1.2,1.2,110000,110000,100000,110000,100000,10000,42,0.0004199999966658652,1.6999983927235007e-05,0.20831159999943338,0.20832859998336062,496.02048008847567,850,20,20,True,True,True,68869e6,1000,10.0,2.0,19.049999999999955,118.13999999999987,2077
swap,10,2,zipf_1.2,1.2,110000,110000,100000,110000,100000,10000,42,0.001433299999916926,1.4699995517730713e-05,0.18523669999558479,0.18525139999110252,129.2481685633431,4200,20,20,True,True,True,68869e6,1000,10.0,2.0,19.049999999999955,118.13999999999987,2077
swap,10,3,zipf_1.2,1.2,110000,110000,100000,110000,100000,10000,42,0.00015449998318217695,1.4299992471933365e-05,0.19545620001736097,0.1954705000098329,1265.1813675561766,116,20,20,True,True,True,68869e6,1000,10.0,2.0,19.049999999999955,118.13999999999987,2077
swap,10,4,zipf_1.2,1.2,110000,110000,100000,110000,100000,10000,42,0.00012430001515895128,1.3200013199821115e-05,0.18949630000861362,0.18950950002181344,1524.6136517318532,56,20,20,True,True,True,68869e6,1000,10.0,2.0,19.049999999999955,118.13999999999987,2077
swap,10,5,zipf_1.2,1.2,110000,110000,100000,110000,100000,10000,42,0.00021090000518597662,1.479999627918005e-05,0.19592470000497997,0.19593950000125915,929.06351438197,194,20,20,True,True,True,68869e6,1000,10.0,2.0,19.049999999999955,118.13999999999987,2077
swap,10,6,zipf_1.2,1.2,110000,110000,100000,110000,100000,10000,42,0.0001409000251442194,1.279998105019331e-05,0.21968350000679493,0.21969629998784512,1559.2353497664258,96,20,20,True,True,True,68869e6,1000,10.0,2.0,19.049999999999955,118.13999999999987,2077
swap,10,7,zipf_1.2,1.2,110000,110000,100000,110000,100000,10000,42,0.00017120002303272486,1.7499987734481692e-05,0.18495039999834262,0.1849678999860771,1080.4198311978062,174,20,20,True,True,True,68869e6,1000,10.0,2.0,19.049999999999955,118.13999999999987,2077
swap,10,8,zipf_1.2,1.2,110000,110000,100000,110000,100000,10000,42,0.00024319998919963837,2.780000795610249e-05,0.18842429999494925,0.18845210000290535,774.8853140293872,74,20,20,True,True,True,68869e6,1000,10.0,2.0,19.049999999999955,118.13999999999987,2077
swap,10,9,zipf_1.2,1.2,110000,110000,100000,110000,100000,10000,42,0.0001824999926611781,1.960000372491777e-05,0.19481320001068525,0.19483280001441017,1067.5770293105088,50,20,20,True,True,True,68869e6,1000,10.0,2.0,19.049999999999955,118.13999999999987,2077
swap,10,10,zipf_1.2,1.2,110000,110000,100000,110000,100000,10000,42,0.00017770001431927085,1.5300000086426735e-05,0.18863700001384132,0.18865230001392774,1061.6335667535686,78,20,20,True,True,True,68869e6,1000,10.0,2.0,19.049999999999955,118.13999999999987,2077
swap,10,11,zipf_1.2,1.2,110000,110000,100000,110000,100000,10000,42,0.00018130001262761652,1.3499986380338669e-05,0.1849965000001248,0.18500999998650514,1020.4632493132186,202,20,20,True,True,True,68869e6,1000,10.0,2.0,19.049999999999955,118.13999999999987,2077
swap,10,12,zipf_1.2,1.2,110000,110000,100000,110000,100000,10000,42,0.00014769998961128294,1.4099990949034691e-05,0.20595450000837445,0.2059685999993235,1394.5065300369483,94,20,20,True,True,True,68869e6,1000,10.0,2.0,19.049999999999955,118.13999999999987,2077
swap,10,13,zipf_1.2,1.2,110000,110000,100000,110000,100000,10000,42,0.00013349999790079892,1.4699995517730713e-05,0.18923469999572262,0.18924939999124035,1417.598524097863,52,20,20,True,True,True,68869e6,1000,10.0,2.0,19.049999999999955,118.13999999999987,2077
swap,10,14,zipf_1.2,1.2,110000,110000,100000,110000,100000,10000,42,0.00011480000102892518,1.1299998732283711e-05,0.22193249998963438,0.22194379998836666,1933.308344940218,80,20,20,True,True,True,68869e6,1000,10.0,2.0,19.049999999999955,118.13999999999987,2077
swap,10,15,zipf_1.2,1.2,110000,110000,100000,110000,100000,10000,42,0.00012229999992996454,1.4899997040629387e-05,0.19997020001756027,0.1999851000146009,1635.2011457818721,42,20,20,True,True,True,68869e6,1000,10.0,2.0,19.049999999999955,118.13999999999987,2077
swap,10,16,zipf_1.2,1.2,110000,110000,100000,110000,100000,10000,42,0.00015050001093186438,1.9400002202019095e-05,0.1852634999959264,0.18528289999812841,1231.1155251809996,46,20,20,True,True,True,68869e6,1000,10.0,2.0,19.049999999999955,118.13999999999987,2077
swap,10,17,zipf_1.2,1.2,110000,110000,100000,110000,100000,10000,42,0.00013599998783320189,1.37000170070678e-05,0.19589259999338537,0.19590630001039244,1440.4876289449603,110,20,20,True,True,True,68869e6,1000,10.0,2.0,19.049999999999955,118.13999999999987,2077
swap,10,18,zipf_1.2,1.2,110000,110000,100000,110000,100000,10000,42,0.00015259999781847,1.3899989426136017e-05,0.19923740002559498,0.19925130001502112,1305.7097173228442,120,20,20,True,True,True,68869e6,1000,10.0,2.0,19.049999999999955,118.13999999999987,2077
swap,10,19,zipf_1.2,1.2,110000,110000,100000,110000,100000,10000,42,0.00019419999443925917,1.8399994587525725e-05,0.20801760000176728,0.2080359999963548,1071.2461686574516,56,20,20,True,True,True,68869e6,1000,10.0,2.0,19.049999999999955,118.13999999999987,2077
swap,100,0,zipf_1.2,1.2,110000,110000,100000,110000,100000,10000,42,0.0011819999781437218,0.0001142999972216785,0.2020124999980908,0.20212679999531247,171.00406407176385,1538,200,200,True,True,True,68869e6,1000,10.0,2.0,19.049999999999955,118.13999999999987,2077
swap,100,1,zipf_1.2,1.2,110000,110000,100000,110000,100000,10000,42,0.0034063000057358295,0.00012740000966005027,0.201949499984039,0.20207689999369904,59.32445752089483,7176,200,200,True,True,True,68869e6,1000,10.0,2.0,19.049999999999955,118.13999999999987,2077
swap,100,2,zipf_1.2,1.2,110000,110000,100000,110000,100000,10000,42,0.0010591000027488917,0.00011990001075901091,0.20721429999684915,0.20733420000760816,195.76451654184942,762,200,200,True,True,True,68869e6,1000,10.0,2.0,19.049999999999955,118.13999999999987,2077
swap,100,3,zipf_1.2,1.2,110000,110000,100000,110000,100000,10000,42,0.0011051000037696213,0.00017060001846402884,0.20489890000317246,0.20506950002163649,185.56646395993232,1346,200,200,True,True,True,68869e6,1000,10.0,2.0,19.049999999999955,118.13999999999987,2077
swap,100,4,zipf_1.2,1.2,110000,110000,100000,110000,100000,10000,42,0.002165400015655905,0.00015919998986646533,0.20347670000046492,0.20363589999033138,94.04077700103349,5328,200,200,True,True,True,68869e6,1000,10.0,2.0,19.049999999999955,118.13999999999987,2077
swap,100,5,zipf_1.2,1.2,110000,110000,100000,110000,100000,10000,42,0.0011221999884583056,0.0001702000154182315,0.2023013999860268,0.20247160000144504,180.4238122294079,1190,200,200,True,True,True,68869e6,1000,10.0,2.0,19.049999999999955,118.13999999999987,2077
swap,100,6,zipf_1.2,1.2,110000,110000,100000,110000,100000,10000,42,0.0011742999777197838,0.00014830002328380942,0.23899709997931495,0.23914540000259876,203.64932686702699,1306,200,200,True,True,True,68869e6,1000,10.0,2.0,19.049999999999955,118.13999999999987,2077
swap,100,7,zipf_1.2,1.2,110000,110000,100000,110000,100000,10000,42,0.0010572000173851848,0.00011779999476857483,0.18600560000049882,0.1861233999952674,176.05315638909454,1358,200,200,True,True,True,68869e6,1000,10.0,2.0,19.049999999999955,118.13999999999987,2077
swap,100,8,zipf_1.2,1.2,110000,110000,100000,110000,100000,10000,42,0.0012652000004891306,0.00013929998385719955,0.18932550001773052,0.18946480000158772,149.75086937111917,2138,200,200,True,True,True,68869e6,1000,10.0,2.0,19.049999999999955,118.13999999999987,2077
swap,100,9,zipf_1.2,1.2,110000,110000,100000,110000,100000,10000,42,0.0016153999895323068,0.00020020001102238894,0.18683840002631769,0.18703860003734007,115.78469806199008,1636,200,200,True,True,True,68869e6,1000,10.0,2.0,19.049999999999955,118.13999999999987,2077
swap,100,10,zipf_1.2,1.2,110000,110000,100000,110000,100000,10000,42,0.0018708999850787222,0.00014670001110062003,0.21705229999497533,0.21719900000607595,116.0933249977747,2888,200,200,True,True,True,68869e6,1000,10.0,2.0,19.049999999999955,118.13999999999987,2077
swap,100,11,zipf_1.2,1.2,110000,110000,100000,110000,100000,10000,42,0.0012212000146973878,0.00014449999434873462,0.20181279999087565,0.20195729998522438,165.37610346759553,1328,200,200,True,True,True,68869e6,1000,10.0,2.0,19.049999999999955,118.13999999999987,2077
swap,100,12,zipf_1.2,1.2,110000,110000,100000,110000,100000,10000,42,0.001423199981218204,0.00012860001879744232,0.2029735999822151,0.20310220000101253,142.7081244247663,1294,200,200,True,True,True,68869e6,1000,10.0,2.0,19.049999999999955,118.13999999999987,2077
swap,100,13,zipf_1.2,1.2,110000,110000,100000,110000,100000,10000,42,0.001236499985679984,0.00013910001143813133,0.20362260000547394,0.20376170001691207,164.7890840086489,882,200,200,True,True,True,68869e6,1000,10.0,2.0,19.049999999999955,118.13999999999987,2077
swap,100,14,zipf_1.2,1.2,110000,110000,100000,110000,100000,10000,42,0.001068799989297986,0.00010800000745803118,0.19614799998817034,0.19625599999562837,183.62275632556293,1546,200,200,True,True,True,68869e6,1000,10.0,2.0,19.049999999999955,118.13999999999987,2077
swap,100,15,zipf_1.2,1.2,110000,110000,100000,110000,100000,10000,42,0.0010199999960605055,0.00013650002074427903,0.21564300000318326,0.21577950002392754,211.5485302522763,868,200,200,True,True,True,68869e6,1000,10.0,2.0,19.049999999999955,118.13999999999987,2077
swap,100,16,zipf_1.2,1.2,110000,110000,100000,110000,100000,10000,42,0.0012277999776415527,0.0001230000052601099,0.19054270000196993,0.19066570000723004,155.29052246235952,1420,200,200,True,True,True,68869e6,1000,10.0,2.0,19.049999999999955,118.13999999999987,2077
swap,100,17,zipf_1.2,1.2,110000,110000,100000,110000,100000,10000,42,0.002158499992219731,0.0001272000081371516,0.19199269998352975,0.1921198999916669,89.00620833178556,5494,200,200,True,True,True,68869e6,1000,10.0,2.0,19.049999999999955,118.13999999999987,2077
swap,100,18,zipf_1.2,1.2,110000,110000,100000,110000,100000,10000,42,0.0012595000152941793,0.00015049998182803392,0.22229060000972822,0.22244109999155626,176.61063699121993,912,200,200,True,True,True,68869e6,1000,10.0,2.0,19.049999999999955,118.13999999999987,2077
swap,100,19,zipf_1.2,1.2,110000,110000,100000,110000,100000,10000,42,0.0016070000128820539,0.0001742999884299934,0.19988080000621267,0.20005509999464266,124.48979364714278,3200,200,200,True,True,True,68869e6,1000,10.0,2.0,19.049999999999955,118.13999999999987,2077
