experiment,param_name,param_value,algorithm,actual_nontrivial_fd_count,block_distribution,raw_fd_index_count,bcnf_index_count,median_total_time,mean_total_time,std_total_time,p25_total_time,p75_total_time,median_python_peak_mb,speedup_vs_fd_hash_median,n_runs
A_conflict_ratio,conflict_ratio,0.01,BCNF-Index,4,uniform,4,1,3.06690219999291,3.1229316519992425,0.1474564364879966,3.0131453999783844,3.1718117999844253,133.7773666381836,6.538521378361927,25
A_conflict_ratio,conflict_ratio,0.01,FD-Hash,4,uniform,4,1,20.05300559999887,20.34914641200099,0.6726435537670366,19.91797119998955,20.713296400004765,597.1003112792969,,25
A_conflict_ratio,conflict_ratio,0.05,BCNF-Index,4,uniform,4,1,3.5447472000087146,3.6088414800050668,0.4368301946520816,3.3510310999990907,3.6482155000267085,133.77730560302734,6.072780789544074,25
A_conflict_ratio,conflict_ratio,0.05,FD-Hash,4,uniform,4,1,21.52647270000307,21.917548324003583,1.2156697424476302,21.050654299993766,22.622018499998376,597.1003112792969,,25
A_conflict_ratio,conflict_ratio,0.1,BCNF-Index,4,uniform,4,1,3.505607900005998,3.510981392003596,0.10725978375906109,3.422853700001724,3.5599700000020675,133.77730560302734,5.802818021937355,25
A_conflict_ratio,conflict_ratio,0.1,FD-Hash,4,uniform,4,1,20.34240470000077,20.423051255998434,0.36750346187904703,20.152396700024838,20.592672600003425,597.1002502441406,,25
A_conflict_ratio,conflict_ratio,0.2,BCNF-Index,4,uniform,4,1,3.9837270000134595,4.695454184000846,1.5212606630622096,3.9223640999989584,4.035593600012362,133.77725982666016,5.333909728238025,25
A_conflict_ratio,conflict_ratio,0.2,FD-Hash,4,uniform,4,1,21.248840200016275,22.01606205600081,3.928884886241638,21.12786809998215,21.374135999998543,597.1003112792969,,25
A_conflict_ratio,conflict_ratio,0.4,BCNF-Index,4,uniform,4,1,9.622931199992308,8.287412567997817,2.1674320959811175,5.05337049998343,9.73953170000459,133.77730560302734,4.657519592371205,25
A_conflict_ratio,conflict_ratio,0.4,FD-Hash,4,uniform,4,1,44.81899060000433,40.93073108799756,8.97176899559605,43.88087399999495,45.88147480000043,597.1002502441406,,25
B_fd_count,fd_count,1,BCNF-Index,1,uniform,1,1,3.836080100008985,3.808150824001059,0.2031767723758119,3.7352784000104293,3.9256837999855634,133.7772979736328,1.8822037370896842,25
B_fd_count,fd_count,1,FD-Hash,1,uniform,1,1,7.220284300012281,7.275706923998659,0.39337706147311857,7.081613100017421,7.545762299996568,225.33001708984375,,25
B_fd_count,fd_count,16,BCNF-Index,15,uniform,15,1,3.5160350000078324,3.5253349359962156,0.08368137325183923,3.464468099991791,3.5979191999940667,133.7773666381836,21.073492556198843,25
B_fd_count,fd_count,16,FD-Hash,15,uniform,15,1,74.09513739999966,74.8669664159976,2.6036000162820123,73.48189920000732,74.97294959999272,2097.587547302246,,25
B_fd_count,fd_count,2,BCNF-Index,2,uniform,2,1,4.030431099992711,3.916211943998933,0.4244361016239276,3.4732661000161897,4.286902899999404,133.77730560302734,3.067489802775311,25
B_fd_count,fd_count,2,FD-Hash,2,uniform,2,1,12.36330630001612,12.09014347599703,0.8514225545532949,11.085052099981112,12.808314099995187,349.2534484863281,,25
B_fd_count,fd_count,4,BCNF-Index,4,uniform,4,1,3.5074975000170525,3.488287036003312,0.10111860728907268,3.416314700007206,3.5588025999895763,133.77730560302734,5.880163963026085,25
B_fd_count,fd_count,4,FD-Hash,4,uniform,4,1,20.62466040000436,21.252561924001203,1.1065603605035526,20.479765199997928,22.0498963999853,597.1003112792969,,25
B_fd_count,fd_count,8,BCNF-Index,8,uniform,8,1,3.797282499988796,3.781595652004471,0.23303778659165097,3.5659857999999076,3.9544915000151377,133.77729034423828,11.280186238475027,25
B_fd_count,fd_count,8,FD-Hash,8,uniform,8,1,42.83405379997566,42.59064528399962,2.4092600191050675,40.740995300002396,44.422800400003325,1123.3117370605469,,25
C_key_width,key_width,1,BCNF-Index,4,uniform,4,1,3.6074787999968976,3.6811963199975435,0.2573075022567555,3.4757052999921143,3.8721377000038046,133.77725982666016,5.853138596411093,25
C_key_width,key_width,1,FD-Hash,4,uniform,4,1,21.115073399996618,21.60205619599321,1.0199477795584881,20.783049499994377,22.39013069999055,597.1003112792969,,25
C_key_width,key_width,2,BCNF-Index,4,uniform,4,1,3.6352707000041846,3.705580732000526,0.19986803783413518,3.5544962999993004,3.776119699992705,141.40670013427734,5.787267149039322,25
C_key_width,key_width,2,FD-Hash,4,uniform,4,1,21.0382826999994,21.34918014800176,0.7389241416315031,20.903975399996853,21.300124399975175,619.9884948730469,,25
C_key_width,key_width,4,BCNF-Index,4,uniform,4,1,3.9019842999987304,5.157935200000647,1.703459735748715,3.784039699996356,7.200852000009036,156.66542053222656,5.810318534599589,25
C_key_width,key_width,4,FD-Hash,4,uniform,4,1,22.671771699999226,28.307898419999983,9.174898937745823,21.719285700004548,39.67787500002305,665.7648010253906,,25
D_block_distribution,block_distribution,uniform,BCNF-Index,4,uniform,4,1,3.45641670000623,3.5022112439980266,0.12578491971891717,3.4373522000096273,3.512122800020734,133.77730560302734,5.932122217774452,25
D_block_distribution,block_distribution,uniform,FD-Hash,4,uniform,4,1,20.50388629999361,20.681949851999526,0.4547590927747442,20.328574900020612,20.781093099998543,597.1002502441406,,25
D_block_distribution,block_distribution,zipf_1.2,BCNF-Index,4,zipf_1.2,4,1,3.4416787999798544,3.4432395600015298,0.04785037868390394,3.4114521000010427,3.4734825000050478,133.77730560302734,5.944242588854277,25
D_block_distribution,block_distribution,zipf_1.2,FD-Hash,4,zipf_1.2,4,1,20.458173699997133,20.46655595199438,0.2202495743109714,20.30107169999974,20.55071899999166,597.1003112792969,,25
