/*algorithm,case_type,n,seed,rep,conflict_ratio,fd_count,candidate_key_width,deleted_count,index_count,build_time_sec,check_time_sec,total_time_sec,python_peak_mb,rss_peak_mb,peak_memory_mb,result,timeout
Singleton-FullScan,pass,1000,1,0,0.1,4,1,100,0,0.0,0.4668031000001065,0.4848196000002645,0.8854961395263672,27.50390625,0.8854961395263672,True,False
Singleton-FullScan,pass,1000,1,1,0.1,4,1,100,0,0.0,0.46977979999974195,0.4900072000000364,0.8854961395263672,27.38671875,0.8854961395263672,True,False
Singleton-FullScan,pass,1000,1,2,0.1,4,1,100,0,0.0,0.4636200999993889,0.48131479999938165,0.8854961395263672,27.35546875,0.8854961395263672,True,False
Singleton-FullScan,pass,1000,1,3,0.1,4,1,100,0,0.0,0.4822407999999996,0.50020559999939,0.8854961395263672,27.32421875,0.8854961395263672,True,False
Singleton-FullScan,pass,1000,1,4,0.1,4,1,100,0,0.0,0.4694617000004655,0.48826240000016696,0.8854961395263672,27.25390625,0.8854961395263672,True,False
FD-Hash,pass,1000,1,0,0.1,4,1,100,4,0.017613399999390822,0.0008343999998032814,0.01876049999918905,1.1315288543701172,28.46875,1.1315288543701172,True,False
FD-Hash,pass,1000,1,1,0.1,4,1,100,4,0.016497000000526896,0.000694800000928808,0.01751909999984491,0.6031417846679688,28.46875,0.6031417846679688,True,False
FD-Hash,pass,1000,1,2,0.1,4,1,100,4,0.017116600000008475,0.0007439000000886153,0.018142300001272815,0.603118896484375,28.0703125,0.603118896484375,True,False
FD-Hash,pass,1000,1,3,0.1,4,1,100,4,0.01768609999999171,0.0007076999991113553,0.018696999999519903,0.603118896484375,28.0703125,0.603118896484375,True,False
FD-Hash,pass,1000,1,4,0.1,4,1,100,4,0.017837700001109624,0.0007800000003044261,0.01890350000030594,0.603118896484375,28.0703125,0.603118896484375,True,False
BCNF-Index,pass,1000,1,0,0.1,4,1,100,1,0.0022563000002264744,0.005674800000633695,0.008135600000969134,0.154754638671875,28.1953125,0.154754638671875,True,False
BCNF-Index,pass,1000,1,1,0.1,4,1,100,1,0.0019250000004831236,0.0052586000001610955,0.007373099999313126,0.15474700927734375,28.1953125,0.15474700927734375,True,False
BCNF-Index,pass,1000,1,2,0.1,4,1,100,1,0.0020375000003696186,0.005912599999646773,0.008135599999150145,0.1547393798828125,28.1953125,0.1547393798828125,True,False
BCNF-Index,pass,1000,1,3,0.1,4,1,100,1,0.001952000000528642,0.00540999999975611,0.0075694999995903345,0.15473175048828125,28.1953125,0.15473175048828125,True,False
BCNF-Index,pass,1000,1,4,0.1,4,1,100,1,0.0022800999995524762,0.005882499999643187,0.008377800000744173,0.15472412109375,28.1953125,0.15472412109375,True,False
Singleton-FullScan,fail,1000,1,0,0.1,4,1,101,0,0.0,0.06800040000052832,0.08605750000060652,0.719813346862793,27.2578125,0.719813346862793,False,False
Singleton-FullScan,fail,1000,1,1,0.1,4,1,101,0,0.0,0.18738309999935154,0.2051064999996015,0.8855772018432617,27.5546875,0.8855772018432617,False,False
Singleton-FullScan,fail,1000,1,2,0.1,4,1,101,0,0.0,0.021468700000696117,0.040012300001762924,0.719813346862793,27.453125,0.719813346862793,False,False
Singleton-FullScan,fail,1000,1,3,0.1,4,1,101,0,0.0,0.26416840000092634,0.28203709999979765,0.8855772018432617,27.5625,0.8855772018432617,False,False
Singleton-FullScan,fail,1000,1,4,0.1,4,1,101,0,0.0,0.4746673000008741,0.4932859999989887,0.8855772018432617,27.203125,0.8855772018432617,False,False
FD-Hash,fail,1000,1,0,0.1,4,1,101,4,0.01620059999913792,0.0006826999997429084,0.017118999998274376,0.6033782958984375,28.45703125,0.6033782958984375,False,False
FD-Hash,fail,1000,1,1,0.1,4,1,101,4,0.01788489999853482,0.0006470999996963656,0.018800399999236106,0.603118896484375,28.18359375,0.603118896484375,False,False
FD-Hash,fail,1000,1,2,0.1,4,1,101,4,0.01817549999941548,0.0006226999994396465,0.019061400000282447,0.603118896484375,28.19140625,0.603118896484375,False,False
FD-Hash,fail,1000,1,3,0.1,4,1,101,4,0.017372899999827496,0.0006498000002466142,0.01827640000010433,0.603118896484375,28.19140625,0.603118896484375,False,False
FD-Hash,fail,1000,1,4,0.1,4,1,101,4,0.017095299999709823,0.0006191000011313008,0.01797719999922265,0.603118896484375,28.19140625,0.603118896484375,False,False
BCNF-Index,fail,1000,1,0,0.1,4,1,101,1,0.0019489999995130347,0.0050074000009772135,0.0071262000001297565,0.15470123291015625,28.3125,0.15470123291015625,False,False
BCNF-Index,fail,1000,1,1,0.1,4,1,101,1,0.0019253999998909421,0.004701300000306219,0.006822299999839743,0.154693603515625,28.3125,0.154693603515625,False,False
BCNF-Index,fail,1000,1,2,0.1,4,1,101,1,0.0021042999997007428,0.0049658999996609055,0.007268700001077377,0.15468597412109375,28.3125,0.15468597412109375,False,False
BCNF-Index,fail,1000,1,3,0.1,4,1,101,1,0.0023285999996005557,0.00492600000143284,0.007475300000805873,0.1546783447265625,28.3125,0.1546783447265625,False,False
BCNF-Index,fail,1000,1,4,0.1,4,1,101,1,0.0020719999993161764,0.004868899999564746,0.007136099999115686,0.15467071533203125,28.3125,0.15467071533203125,False,False
Singleton-FullScan,pass,1000,2,0,0.1,4,1,100,0,0.0,0.46727719999944384,0.4861653000007209,0.8854961395263672,27.4609375,0.8854961395263672,True,False
Singleton-FullScan,pass,1000,2,1,0.1,4,1,100,0,0.0,0.47485600000072736,0.4945382999994763,0.8854961395263672,27.296875,0.8854961395263672,True,False
Singleton-FullScan,pass,1000,2,2,0.1,4,1,100,0,0.0,0.468090200000006,0.4861048999991908,0.8854961395263672,27.49609375,0.8854961395263672,True,False
Singleton-FullScan,pass,1000,2,3,0.1,4,1,100,0,0.0,0.4679114999999001,0.4866741000005277,0.8854961395263672,27.48828125,0.8854961395263672,True,False
Singleton-FullScan,pass,1000,2,4,0.1,4,1,100,0,0.0,0.46749669999917387,0.4867462999991403,0.8854961395263672,27.1484375,0.8854961395263672,True,False
FD-Hash,pass,1000,2,0,0.1,4,1,100,4,0.016581200001382967,0.0007136000003811205,0.01755579999917245,0.603118896484375,28.86328125,0.603118896484375,True,False
FD-Hash,pass,1000,2,1,0.1,4,1,100,4,0.01736720000008063,0.0007085000015649712,0.0183417999996891,0.603118896484375,28.41796875,0.603118896484375,True,False
FD-Hash,pass,1000,2,2,0.1,4,1,100,4,0.017619399999603047,0.000650399999358342,0.01854999999886786,0.603118896484375,28.41796875,0.603118896484375,True,False
FD-Hash,pass,1000,2,3,0.1,4,1,100,4,0.01685859999997774,0.0007232999996631406,0.01785799999925075,0.603118896484375,28.40625,0.603118896484375,True,False
FD-Hash,pass,1000,2,4,0.1,4,1,100,4,0.017131799999333452,0.0006959000002098037,0.018087299999024253,0.603118896484375,28.40625,0.603118896484375,True,False
BCNF-Index,pass,1000,2,0,0.1,4,1,100,1,0.0022117999997135485,0.006071800000427174,0.008484600000883802,0.15465545654296875,28.53515625,0.15465545654296875,True,False
BCNF-Index,pass,1000,2,1,0.1,4,1,100,1,0.0021268000000418397,0.005611200000203098,0.007941500000015367,0.1546478271484375,28.53515625,0.1546478271484375,True,False
BCNF-Index,pass,1000,2,2,0.1,4,1,100,1,0.002221699998699478,0.005693699999028468,0.00812200000109442,0.154632568359375,28.53515625,0.154632568359375,True,False
BCNF-Index,pass,1000,2,3,0.1,4,1,100,1,0.0020987000007153256,0.00550199999997858,0.007795999999871128,0.15462493896484375,28.53515625,0.15462493896484375,True,False
BCNF-Index,pass,1000,2,4,0.1,4,1,100,1,0.002698299998883158,0.005380099999456434,0.008304099999804748,0.1546173095703125,28.53515625,0.1546173095703125,True,False
Singleton-FullScan,fail,1000,2,0,0.1,4,1,101,0,0.0,0.3340176999990945,0.35206640000069456,0.8856649398803711,27.32421875,0.8856649398803711,False,False
Singleton-FullScan,fail,1000,2,1,0.1,4,1,101,0,0.0,0.1802131999993435,0.1986930000002758,0.8856649398803711,27.5234375,0.8856649398803711,False,False
Singleton-FullScan,fail,1000,2,2,0.1,4,1,101,0,0.0,0.3948299000003317,0.41354449999926146,0.8856649398803711,27.42578125,0.8856649398803711,False,False
Singleton-FullScan,fail,1000,2,3,0.1,4,1,101,0,0.0,0.32303420000062033,0.3449227000000974,0.8856649398803711,27.41015625,0.8856649398803711,False,False
Singleton-FullScan,fail,1000,2,4,0.1,4,1,101,0,0.0,0.4929249999986496,0.5108933999999863,0.8856649398803711,27.40625,0.8856649398803711,False,False
FD-Hash,fail,1000,2,0,0.1,4,1,101,4,0.016240700000707875,0.0002781999992294004,0.016782999999122694,0.603118896484375,28.65625,0.603118896484375,False,False
FD-Hash,fail,1000,2,1,0.1,4,1,101,4,0.016543800000363262,0.0001962000005732989,0.016990699999951175,0.603118896484375,28.41796875,0.603118896484375,False,False
FD-Hash,fail,1000,2,2,0.1,4,1,101,4,0.017767699999239994,0.00023350000083155464,0.018336099999942235,0.603118896484375,28.41796875,0.603118896484375,False,False
FD-Hash,fail,1000,2,3,0.1,4,1,101,4,0.0167885999999271,0.00020009999934700318,0.017331600000034086,0.603118896484375,28.41796875,0.603118896484375,False,False
FD-Hash,fail,1000,2,4,0.1,4,1,101,4,0.01779759999953967,0.00018529999942984432,0.01825499999904423,0.603118896484375,28.41796875,0.603118896484375,False,False
BCNF-Index,fail,1000,2,0,0.1,4,1,101,1,0.0019281999993836507,0.0011467999993328704,0.003236099999412545,0.15460205078125,28.5390625,0.15460205078125,False,False
BCNF-Index,fail,1000,2,1,0.1,4,1,101,1,0.0019415999995544553,0.0012679000010393793,0.0033777000007830793,0.15459442138671875,28.5390625,0.15459442138671875,False,False
BCNF-Index,fail,1000,2,2,0.1,4,1,101,1,0.0025516999994579237,0.001434499999959371,0.004199999999400461,0.1545867919921875,28.5390625,0.1545867919921875,False,False
BCNF-Index,fail,1000,2,3,0.1,4,1,101,1,0.0019960000008723,0.001189999999041902,0.0033837000009953044,0.1545867919921875,28.5390625,0.1545867919921875,False,False
BCNF-Index,fail,1000,2,4,0.1,4,1,101,1,0.0020053999996889615,0.0012684999983321177,0.0034462999992683763,0.1545867919921875,28.5390625,0.1545867919921875,False,False
Singleton-FullScan,pass,1000,3,0,0.1,4,1,100,0,0.0,0.46440160000020114,0.4825994000002538,0.8854961395263672,27.50390625,0.8854961395263672,True,False
Singleton-FullScan,pass,1000,3,1,0.1,4,1,100,0,0.0,0.46725990000049933,0.48569229999884556,0.8854961395263672,27.23828125,0.8854961395263672,True,False
Singleton-FullScan,pass,1000,3,2,0.1,4,1,100,0,0.0,0.4659747999994579,0.483894799999689,0.8854961395263672,27.27734375,0.8854961395263672,True,False
Singleton-FullScan,pass,1000,3,3,0.1,4,1,100,0,0.0,0.4792249999991327,0.4983821000005264,0.8854961395263672,27.28125,0.8854961395263672,True,False
Singleton-FullScan,pass,1000,3,4,0.1,4,1,100,0,0.0,0.5026005999989138,0.5228327000004356,0.8854961395263672,27.44140625,0.8854961395263672,True,False
FD-Hash,pass,1000,3,0,0.1,4,1,100,4,0.019192599998859805,0.0008182999990822282,0.020312799999373965,0.603118896484375,28.6640625,0.603118896484375,True,False
FD-Hash,pass,1000,3,1,0.1,4,1,100,4,0.01721439999892027,0.0007409999998344574,0.018231500000183587,0.603118896484375,28.49609375,0.603118896484375,True,False
FD-Hash,pass,1000,3,2,0.1,4,1,100,4,0.017595799999980954,0.0006703999988530995,0.018538700000135577,0.603118896484375,28.4921875,0.603118896484375,True,False
FD-Hash,pass,1000,3,3,0.1,4,1,100,4,0.01968500000111817,0.000813900000139256,0.02077839999947173,0.603118896484375,28.49609375,0.603118896484375,True,False
FD-Hash,pass,1000,3,4,0.1,4,1,100,4,0.017979700000068988,0.0007112000002962304,0.01906089999829419,0.603118896484375,28.49609375,0.603118896484375,True,False
BCNF-Index,pass,1000,3,0,0.1,4,1,100,1,0.0020060999995621387,0.005624299999908544,0.007814300000973162,0.1545867919921875,28.6328125,0.1545867919921875,True,False
BCNF-Index,pass,1000,3,1,0.1,4,1,100,1,0.0022339999995892867,0.006144200000562705,0.008573699999033124,0.1545867919921875,28.6328125,0.1545867919921875,True,False
BCNF-Index,pass,1000,3,2,0.1,4,1,100,1,0.001969900000403868,0.005399100000431645,0.007573799999590847,0.1545867919921875,28.6328125,0.1545867919921875,True,False
BCNF-Index,pass,1000,3,3,0.1,4,1,100,1,0.0024212999996962026,0.0060296999999991385,0.008674400000018068,0.1545867919921875,28.6328125,0.1545867919921875,True,False
BCNF-Index,pass,1000,3,4,0.1,4,1,100,1,0.0022262000002228888,0.0059314999998605344,0.008372799999051495,0.1545867919921875,28.6328125,0.1545867919921875,True,False
Singleton-FullScan,fail,1000,3,0,0.1,4,1,101,0,0.0,0.476338599999508,0.49727440000060597,0.8855772018432617,27.40234375,0.8855772018432617,False,False
Singleton-FullScan,fail,1000,3,1,0.1,4,1,101,0,0.0,0.1237156999995932,0.14397189999908733,0.719813346862793,27.546875,0.719813346862793,False,False
Singleton-FullScan,fail,1000,3,2,0.1,4,1,101,0,0.0,0.5145142000001215,0.5371770999990986,0.8855772018432617,27.69140625,0.8855772018432617,False,False
Singleton-FullScan,fail,1000,3,3,0.1,4,1,101,0,0.0,0.4674086000013631,0.48832779999975173,0.8855772018432617,27.43359375,0.8855772018432617,False,False
Singleton-FullScan,fail,1000,3,4,0.1,4,1,101,0,0.0,0.053595400000631344,0.07367680000061227,0.719813346862793,27.45703125,0.719813346862793,False,False
FD-Hash,fail,1000,3,0,0.1,4,1,101,4,0.01830809999955818,0.00015859999984968454,0.018699500000366243,0.603118896484375,28.75390625,0.603118896484375,False,False
FD-Hash,fail,1000,3,1,0.1,4,1,101,4,0.017882800000734278,0.00017289999959757552,0.018321800000194344,0.603118896484375,28.50390625,0.603118896484375,False,False
FD-Hash,fail,1000,3,2,0.1,4,1,101,4,0.01740299999983108,0.00016219999997701962,0.01782419999835838,0.603118896484375,28.50390625,0.603118896484375,False,False
FD-Hash,fail,1000,3,3,0.1,4,1,101,4,0.01920339999924181,0.0001857999995991122,0.019683799999256735,0.603118896484375,28.94140625,0.603118896484375,False,False
FD-Hash,fail,1000,3,4,0.1,4,1,101,4,0.021505600001546554,0.0002910999992309371,0.02216720000069472,0.603118896484375,28.94140625,0.603118896484375,False,False
BCNF-Index,fail,1000,3,0,0.1,4,1,101,1,0.0027592999995249556,0.001160899999376852,0.004175800000666641,0.1545867919921875,28.99609375,0.1545867919921875,False,False
BCNF-Index,fail,1000,3,1,0.1,4,1,101,1,0.0032004000004235422,0.000963100001172279,0.004430299999512499,0.1545867919921875,28.99609375,0.1545867919921875,False,False
BCNF-Index,fail,1000,3,2,0.1,4,1,101,1,0.0019358999998075888,0.0009616999996069353,0.003064299999095965,0.1545867919921875,28.99609375,0.1545867919921875,False,False
BCNF-Index,fail,1000,3,3,0.1,4,1,101,1,0.0021838000011484837,0.0011479000004328554,0.0035213999999541556,0.1545867919921875,28.99609375,0.1545867919921875,False,False
BCNF-Index,fail,1000,3,4,0.1,4,1,101,1,0.0037650000012945384,0.001199300000735093,0.005226899998888257,0.1545867919921875,28.99609375,0.1545867919921875,False,False
Singleton-FullScan,pass,1000,4,0,0.1,4,1,100,0,0.0,0.48716009999952803,0.5062848999987182,0.8854961395263672,27.3828125,0.8854961395263672,True,False
Singleton-FullScan,pass,1000,4,1,0.1,4,1,100,0,0.0,0.5438892000001943,0.5644756000001507,0.8854961395263672,27.52734375,0.8854961395263672,True,False
Singleton-FullScan,pass,1000,4,2,0.1,4,1,100,0,0.0,0.5981068999990384,0.6287047000005259,0.8854961395263672,27.5859375,0.8854961395263672,True,False
Singleton-FullScan,pass,1000,4,3,0.1,4,1,100,0,0.0,0.5065757000011217,0.5290984999992361,0.8854961395263672,27.1640625,0.8854961395263672,True,False
Singleton-FullScan,pass,1000,4,4,0.1,4,1,100,0,0.0,0.4972091999989061,0.5170837000005122,0.8854961395263672,27.296875,0.8854961395263672,True,False
FD-Hash,pass,1000,4,0,0.1,4,1,100,4,0.018719499999861,0.000676499999826774,0.019634500000393018,0.603118896484375,28.875,0.603118896484375,True,False
FD-Hash,pass,1000,4,1,0.1,4,1,100,4,0.018156999998609535,0.0006807999998272862,0.019067499999437132,0.603118896484375,28.8828125,0.603118896484375,True,False
FD-Hash,pass,1000,4,2,0.1,4,1,100,4,0.017120600001362618,0.0007590000004711328,0.018138299999918672,0.603118896484375,28.8828125,0.603118896484375,True,False
FD-Hash,pass,1000,4,3,0.1,4,1,100,4,0.01830070000141859,0.0006546999993588543,0.01921789999869361,0.603118896484375,28.87890625,0.603118896484375,True,False
FD-Hash,pass,1000,4,4,0.1,4,1,100,4,0.01701580000008107,0.0007873000013205456,0.018063299999994342,0.603118896484375,28.8828125,0.603118896484375,True,False
BCNF-Index,pass,1000,4,0,0.1,4,1,100,1,0.0021878000006836373,0.0054103000002214685,0.007786899999700836,0.1545867919921875,28.91796875,0.1545867919921875,True,False
BCNF-Index,pass,1000,4,1,0.1,4,1,100,1,0.0020679999997810228,0.006279299999732757,0.00853110000025481,0.1545867919921875,28.91796875,0.1545867919921875,True,False
BCNF-Index,pass,1000,4,2,0.1,4,1,100,1,0.002347800000279676,0.005279599999994389,0.007865099998525693,0.1545867919921875,28.91796875,0.1545867919921875,True,False
BCNF-Index,pass,1000,4,3,0.1,4,1,100,1,0.002246500000183005,0.006213899998328998,0.00865689999955066,0.1545867919921875,28.91796875,0.1545867919921875,True,False
BCNF-Index,pass,1000,4,4,0.1,4,1,100,1,0.0022090999991633,0.005663400001139962,0.008084099999905447,0.1545867919921875,28.91796875,0.1545867919921875,True,False
Singleton-FullScan,fail,1000,4,0,0.1,4,1,101,0,0.0,0.4073812000006001,0.429896199999348,0.8855772018432617,27.2890625,0.8855772018432617,False,False
Singleton-FullScan,fail,1000,4,1,0.1,4,1,101,0,0.0,0.38586279999981343,0.4055105999996158,0.8855772018432617,27.23828125,0.8855772018432617,False,False
Singleton-FullScan,fail,1000,4,2,0.1,4,1,101,0,0.0,0.02328970000053232,0.042269800000212854,0.719813346862793,27.171875,0.719813346862793,False,False
Singleton-FullScan,fail,1000,4,3,0.1,4,1,101,0,0.0,0.07239260000096692,0.09273600000051374,0.719813346862793,27.375,0.719813346862793,False,False
Singleton-FullScan,fail,1000,4,4,0.1,4,1,101,0,0.0,0.42300109999996494,0.44277300000067044,0.8855772018432617,27.4453125,0.8855772018432617,False,False
FD-Hash,fail,1000,4,0,0.1,4,1,101,4,0.022810000000390573,0.0006956000015634345,0.023861900001065806,0.603118896484375,29.04296875,0.603118896484375,False,False
FD-Hash,fail,1000,4,1,0.1,4,1,101,4,0.0342953999988822,0.0010240000010526273,0.03569719999904919,0.603118896484375,28.88671875,0.603118896484375,False,False
FD-Hash,fail,1000,4,2,0.1,4,1,101,4,0.024591100000179722,0.0005349000002752291,0.02555920000122569,0.603118896484375,28.890625,0.603118896484375,False,False
FD-Hash,fail,1000,4,3,0.1,4,1,101,4,0.024919200001022546,0.0005148000000190223,0.025787699998545577,0.603118896484375,28.89453125,0.603118896484375,False,False
FD-Hash,fail,1000,4,4,0.1,4,1,101,4,0.020543100001304992,0.0004719000007753493,0.0212429000002885,0.603118896484375,28.89453125,0.603118896484375,False,False
BCNF-Index,fail,1000,4,0,0.1,4,1,101,1,0.0020494999989750795,0.0055346000008285046,0.007757100000162609,0.1545867919921875,28.90234375,0.1545867919921875,False,False
BCNF-Index,fail,1000,4,1,0.1,4,1,101,1,0.0029838999998901272,0.0045095000004948815,0.007760500000586035,0.1545867919921875,28.90234375,0.1545867919921875,False,False
BCNF-Index,fail,1000,4,2,0.1,4,1,101,1,0.0025376000012329314,0.004354699998657452,0.00713989999894693,0.1545867919921875,28.90234375,0.1545867919921875,False,False
BCNF-Index,fail,1000,4,3,0.1,4,1,101,1,0.0021536999993259087,0.003604700001233141,0.0059685999985958915,0.1545867919921875,28.90234375,0.1545867919921875,False,False
BCNF-Index,fail,1000,4,4,0.1,4,1,101,1,0.0021101000002090586,0.004939800001011463,0.007236499999635271,0.1545867919921875,28.90234375,0.1545867919921875,False,False
Singleton-FullScan,pass,1000,5,0,0.1,4,1,100,0,0.0,0.48628070000086154,0.5072123999998439,0.8854961395263672,27.21484375,0.8854961395263672,True,False
Singleton-FullScan,pass,1000,5,1,0.1,4,1,100,0,0.0,0.4935561999991478,0.5150164999995468,0.8854961395263672,27.359375,0.8854961395263672,True,False
Singleton-FullScan,pass,1000,5,2,0.1,4,1,100,0,0.0,0.5618990000002668,0.58434219999981,0.8854961395263672,27.57421875,0.8854961395263672,True,False
Singleton-FullScan,pass,1000,5,3,0.1,4,1,100,0,0.0,0.5189473999998881,0.5411803999995755,0.8854961395263672,27.265625,0.8854961395263672,True,False
Singleton-FullScan,pass,1000,5,4,0.1,4,1,100,0,0.0,0.5123256999995647,0.532189900000958,0.8854961395263672,27.48046875,0.8854961395263672,True,False
FD-Hash,pass,1000,5,0,0.1,4,1,100,4,0.019822399999611662,0.0009050000007846393,0.02110249999896041,0.603118896484375,29.05078125,0.603118896484375,True,False
FD-Hash,pass,1000,5,1,0.1,4,1,100,4,0.018143100000088452,0.0007861000012781005,0.01922519999970973,0.603118896484375,29.05078125,0.603118896484375,True,False
FD-Hash,pass,1000,5,2,0.1,4,1,100,4,0.018524400000387686,0.0007586000010633143,0.019554700000298908,0.603118896484375,29.0546875,0.603118896484375,True,False
FD-Hash,pass,1000,5,3,0.1,4,1,100,4,0.022962500001085573,0.0011677999991661636,0.0244100999989314,0.603118896484375,29.0546875,0.603118896484375,True,False
FD-Hash,pass,1000,5,4,0.1,4,1,100,4,0.019928300000174204,0.0007273999999597436,0.020935200000167242,0.603118896484375,29.04296875,0.603118896484375,True,False
BCNF-Index,pass,1000,5,0,0.1,4,1,100,1,0.00199360000078741,0.0056616000001668,0.007819000000381493,0.1545867919921875,29.0859375,0.1545867919921875,True,False
BCNF-Index,pass,1000,5,1,0.1,4,1,100,1,0.0022782000014558434,0.005286999999952968,0.007782600001519313,0.1545867919921875,29.0859375,0.1545867919921875,True,False
BCNF-Index,pass,1000,5,2,0.1,4,1,100,1,0.002046199999313103,0.006524099999296595,0.008768499999860069,0.1545867919921875,29.0859375,0.1545867919921875,True,False
BCNF-Index,pass,1000,5,3,0.1,4,1,100,1,0.0026342000001022825,0.005239699999947334,0.008147200000166777,0.1545867919921875,29.0859375,0.1545867919921875,True,False
BCNF-Index,pass,1000,5,4,0.1,4,1,100,1,0.002165199999581091,0.006428400000004331,0.00880460000007588,0.1545867919921875,29.0859375,0.1545867919921875,True,False
Singleton-FullScan,fail,1000,5,0,0.1,4,1,101,0,0.0,0.1356696999991982,0.15564640000047802,0.719813346862793,27.49609375,0.719813346862793,False,False
Singleton-FullScan,fail,1000,5,1,0.1,4,1,101,0,0.0,0.02024379999966186,0.04145369999969262,0.719813346862793,27.3671875,0.719813346862793,False,False
Singleton-FullScan,fail,1000,5,2,0.1,4,1,101,0,0.0,0.23114299999906507,0.2511217999999644,0.8855772018432617,27.41015625,0.8855772018432617,False,False
Singleton-FullScan,fail,1000,5,3,0.1,4,1,101,0,0.0,0.10063929999887478,0.1217873999994481,0.719813346862793,27.453125,0.719813346862793,False,False
Singleton-FullScan,fail,1000,5,4,0.1,4,1,101,0,0.0,0.09297269999842683,0.11356270000032964,0.719813346862793,27.62109375,0.719813346862793,False,False
FD-Hash,fail,1000,5,0,0.1,4,1,101,4,0.019248599999627913,0.0005424999999377178,0.020051299999977346,0.603118896484375,29.17578125,0.603118896484375,False,False
FD-Hash,fail,1000,5,1,0.1,4,1,101,4,0.017913099998622783,0.00045710000085819047,0.018645600001036655,0.603118896484375,29.04296875,0.603118896484375,False,False
FD-Hash,fail,1000,5,2,0.1,4,1,101,4,0.0192471000009391,0.0004922999996779254,0.02003830000103335,0.603118896484375,29.04296875,0.603118896484375,False,False
FD-Hash,fail,1000,5,3,0.1,4,1,101,4,0.017881199999465025,0.0004453999990801094,0.01860810000107449,0.603118896484375,29.04296875,0.603118896484375,False,False
FD-Hash,fail,1000,5,4,0.1,4,1,101,4,0.018609199998536496,0.0004735000002256129,0.019342600000527455,0.603118896484375,29.04296875,0.603118896484375,False,False
BCNF-Index,fail,1000,5,0,0.1,4,1,101,1,0.00217030000021623,0.0034892999992734985,0.005837200000314624,0.1545867919921875,29.1015625,0.1545867919921875,False,False
BCNF-Index,fail,1000,5,1,0.1,4,1,101,1,0.0026371000003564404,0.0037647000008291798,0.0066597999993973644,0.1545867919921875,29.1015625,0.1545867919921875,False,False
BCNF-Index,fail,1000,5,2,0.1,4,1,101,1,0.002292400000442285,0.003853000000162865,0.006367300000420073,0.1545867919921875,29.1015625,0.1545867919921875,False,False
BCNF-Index,fail,1000,5,3,0.1,4,1,101,1,0.0024014000009628944,0.004777300000569085,0.0074540000005072216,0.1545867919921875,29.1015625,0.1545867919921875,False,False
BCNF-Index,fail,1000,5,4,0.1,4,1,101,1,0.0022339999995892867,0.0034621000013430603,0.0059506999987206655,0.1545867919921875,29.1015625,0.1545867919921875,False,False
Singleton-FullScan,pass,10000,1,0,0.1,4,1,1000,0,0.0,51.015940900000714,51.2405189000001,2.1886796951293945,32.33984375,2.1886796951293945,True,False
Singleton-FullScan,pass,10000,1,1,0.1,4,1,1000,0,0.0,47.96861309999986,48.16200079999908,2.1886796951293945,31.9765625,2.1886796951293945,True,False
Singleton-FullScan,pass,10000,1,2,0.1,4,1,1000,0,0.0,47.75070509999932,47.951361699999325,2.1886796951293945,32.390625,2.1886796951293945,True,False
Singleton-FullScan,pass,10000,1,3,0.1,4,1,1000,0,0.0,47.672265699999116,47.860291700000744,2.1886796951293945,32.19921875,2.1886796951293945,True,False
Singleton-FullScan,pass,10000,1,4,0.1,4,1,1000,0,0.0,47.99379090000002,48.18657759999951,2.1886796951293945,32.1640625,2.1886796951293945,True,False
FD-Hash,pass,10000,1,0,0.1,4,1,1000,4,0.16902620000109891,0.007058699999106466,0.17914070000006177,6.141929626464844,36.04296875,6.141929626464844,True,False
FD-Hash,pass,10000,1,1,0.1,4,1,1000,4,0.16836510000030103,0.006947400001081405,0.17864710000139894,6.141929626464844,36.0546875,6.141929626464844,True,False
FD-Hash,pass,10000,1,2,0.1,4,1,1000,4,0.17421889999968698,0.006457000001319102,0.1835689999988972,6.141929626464844,36.06640625,6.141929626464844,True,False
FD-Hash,pass,10000,1,3,0.1,4,1,1000,4,0.1721953999985999,0.007360300000073039,0.18242589999863412,6.141929626464844,36.078125,6.141929626464844,True,False
FD-Hash,pass,10000,1,4,0.1,4,1,1000,4,0.17028810000010708,0.006963800000448828,0.1804508999994141,6.141929626464844,36.37890625,6.141929626464844,True,False
BCNF-Index,pass,10000,1,0,0.1,4,1,1000,1,0.020626800000172807,0.05561399999896821,0.07901879999917583,1.865234375,36.67578125,1.865234375,True,False
BCNF-Index,pass,10000,1,1,0.1,4,1,1000,1,0.021689799999876413,0.056089899999278714,0.08097060000000056,1.865234375,36.6875,1.865234375,True,False
BCNF-Index,pass,10000,1,2,0.1,4,1,1000,1,0.023199799999929382,0.05553650000001653,0.0826798999987659,1.8650131225585938,36.6875,1.8650131225585938,True,False
BCNF-Index,pass,10000,1,3,0.1,4,1,1000,1,0.021438400000988622,0.054976400000668946,0.07953019999877142,1.8653411865234375,36.69140625,1.8653411865234375,True,False
BCNF-Index,pass,10000,1,4,0.1,4,1,1000,1,0.021606599999358878,0.05581770000026154,0.0805069000016374,1.865234375,36.69140625,1.865234375,True,False
Singleton-FullScan,fail,10000,1,0,0.1,4,1,1001,0,0.0,3.5270590000000084,3.7144570000000385,2.0233278274536133,32.3359375,2.0233278274536133,False,False
Singleton-FullScan,fail,10000,1,1,0.1,4,1,1001,0,0.0,18.18776009999965,18.37906440000006,2.188572883605957,32.24609375,2.188572883605957,False,False
Singleton-FullScan,fail,10000,1,2,0.1,4,1,1001,0,0.0,16.605106300001353,16.801537599998483,2.188572883605957,32.32421875,2.188572883605957,False,False
Singleton-FullScan,fail,10000,1,3,0.1,4,1,1001,0,0.0,11.46444270000029,11.649756200000411,2.188572883605957,32.3203125,2.188572883605957,False,False
Singleton-FullScan,fail,10000,1,4,0.1,4,1,1001,0,0.0,3.849212600000101,4.038803499999631,2.0233278274536133,32.09765625,2.0233278274536133,False,False
FD-Hash,fail,10000,1,0,0.1,4,1,1001,4,0.1679378999997425,0.0052312999996502185,0.17592409999997471,6.141929626464844,37.02734375,6.141929626464844,False,False
FD-Hash,fail,10000,1,1,0.1,4,1,1001,4,0.16750150000007125,0.005096299999422627,0.17559609999989334,6.141929626464844,36.9609375,6.141929626464844,False,False
FD-Hash,fail,10000,1,2,0.1,4,1,1001,4,0.1699628999995184,0.005242700000962941,0.1783704999998008,6.141929626464844,37.0234375,6.141929626464844,False,False
FD-Hash,fail,10000,1,3,0.1,4,1,1001,4,0.1715555000009772,0.005255800000668387,0.17996599999969476,6.141929626464844,37.0234375,6.141929626464844,False,False
FD-Hash,fail,10000,1,4,0.1,4,1,1001,4,0.1701716999996279,0.0048973000011756085,0.1783756999993784,6.141929626464844,36.9609375,6.141929626464844,False,False
BCNF-Index,fail,10000,1,0,0.1,4,1,1001,1,0.022681399999783025,0.04057670000111102,0.06605379999928118,1.865234375,37.125,1.865234375,False,False
BCNF-Index,fail,10000,1,1,0.1,4,1,1001,1,0.021934500000497792,0.03999189999922237,0.06537589999970805,1.865234375,37.125,1.865234375,False,False
BCNF-Index,fail,10000,1,2,0.1,4,1,1001,1,0.024317399998835754,0.04019999999945867,0.06743340000139142,1.8650131225585938,37.125,1.8650131225585938,False,False
BCNF-Index,fail,10000,1,3,0.1,4,1,1001,1,0.021979299999657087,0.0406278000009479,0.06595889999880455,1.8653411865234375,37.0546875,1.8653411865234375,False,False
BCNF-Index,fail,10000,1,4,0.1,4,1,1001,1,0.02271920000021055,0.03949629999988247,0.06532609999885608,1.865234375,36.7890625,1.865234375,False,False
Singleton-FullScan,pass,10000,2,0,0.1,4,1,1000,0,0.0,46.92107119999855,47.11235999999917,2.1886796951293945,32.67578125,2.1886796951293945,True,False
Singleton-FullScan,pass,10000,2,1,0.1,4,1,1000,0,0.0,45.92102150000028,46.10451579999972,2.1886796951293945,32.28515625,2.1886796951293945,True,False
Singleton-FullScan,pass,10000,2,2,0.1,4,1,1000,0,0.0,46.75388080000084,46.93898090000039,2.1886796951293945,32.41796875,2.1886796951293945,True,False
Singleton-FullScan,pass,10000,2,3,0.1,4,1,1000,0,0.0,46.4441010999999,46.627986299999975,2.1886796951293945,32.25,2.1886796951293945,True,False
Singleton-FullScan,pass,10000,2,4,0.1,4,1,1000,0,0.0,46.945914599999014,47.132723499998974,2.1886796951293945,32.46484375,2.1886796951293945,True,False
FD-Hash,pass,10000,2,0,0.1,4,1,1000,4,0.16897339999923133,0.007879400000092573,0.179757800000516,6.141929626464844,39.28125,6.141929626464844,True,False
FD-Hash,pass,10000,2,1,0.1,4,1,1000,4,0.17400930000076187,0.0070928000004641945,0.18407740000111517,6.141929626464844,39.22265625,6.141929626464844,True,False
FD-Hash,pass,10000,2,2,0.1,4,1,1000,4,0.1697746999998344,0.007101899998815497,0.17976049999924726,6.141929626464844,39.3125,6.141929626464844,True,False
FD-Hash,pass,10000,2,3,0.1,4,1,1000,4,0.16945080000004964,0.007411800001136726,0.17988660000082746,6.141929626464844,39.3125,6.141929626464844,True,False
FD-Hash,pass,10000,2,4,0.1,4,1,1000,4,0.16957069999989471,0.006649400000242167,0.17956480000066222,6.141929626464844,39.3125,6.141929626464844,True,False
BCNF-Index,pass,10000,2,0,0.1,4,1,1000,1,0.021744700001363526,0.05531919999884849,0.08049830000163638,1.865234375,39.51953125,1.865234375,True,False
BCNF-Index,pass,10000,2,1,0.1,4,1,1000,1,0.02159909999863885,0.060117900000477675,0.08495030000085535,1.865234375,39.66015625,1.865234375,True,False
BCNF-Index,pass,10000,2,2,0.1,4,1,1000,1,0.02723830000104499,0.0565876999989996,0.08673160000034841,1.8650131225585938,39.66015625,1.8650131225585938,True,False
BCNF-Index,pass,10000,2,3,0.1,4,1,1000,1,0.0228886999993847,0.061562700000649784,0.08777609999924607,1.8653411865234375,39.66015625,1.8653411865234375,True,False
BCNF-Index,pass,10000,2,4,0.1,4,1,1000,1,0.022620499999902677,0.05673019999994722,0.0826258000015514,1.865234375,39.60546875,1.865234375,True,False
Singleton-FullScan,fail,10000,2,0,0.1,4,1,1001,0,0.0,4.280220200000258,4.463806599998861,2.0233278274536133,31.546875,2.0233278274536133,False,False
Singleton-FullScan,fail,10000,2,1,0.1,4,1,1001,0,0.0,26.53441380000004,26.718780100000004,2.188572883605957,31.953125,2.188572883605957,False,False
Singleton-FullScan,fail,10000,2,2,0.1,4,1,1001,0,0.0,39.62506229999963,39.81040200000098,2.188572883605957,32.4453125,2.188572883605957,False,False
Singleton-FullScan,fail,10000,2,3,0.1,4,1,1001,0,0.0,25.118562400000883,25.29991439999867,2.188572883605957,32.12109375,2.188572883605957,False,False
Singleton-FullScan,fail,10000,2,4,0.1,4,1,1001,0,0.0,22.882160599998315,23.065422400000898,2.188572883605957,32.16796875,2.188572883605957,False,False
FD-Hash,fail,10000,2,0,0.1,4,1,1001,4,0.18215830000008282,0.0038712000005034497,0.1888238999999885,6.141929626464844,38.8515625,6.141929626464844,False,False
FD-Hash,fail,10000,2,1,0.1,4,1,1001,4,0.1819813999991311,0.0038592000000789994,0.1893372000013187,6.141929626464844,38.91015625,6.141929626464844,False,False
FD-Hash,fail,10000,2,2,0.1,4,1,1001,4,0.18183790000148292,0.0035613000000012107,0.1888771000012639,6.141929626464844,39.03515625,6.141929626464844,False,False
FD-Hash,fail,10000,2,3,0.1,4,1,1001,4,0.18047769999975571,0.00461159999940719,0.18768550000095274,6.141929626464844,39.03515625,6.141929626464844,False,False
FD-Hash,fail,10000,2,4,0.1,4,1,1001,4,0.17492900000070222,0.0037537000007432653,0.18206110000028275,6.141929626464844,38.91796875,6.141929626464844,False,False
BCNF-Index,fail,10000,2,0,0.1,4,1,1001,1,0.0232345999993413,0.031098199999178178,0.05734239999947022,1.865234375,39.07421875,1.865234375,False,False
BCNF-Index,fail,10000,2,1,0.1,4,1,1001,1,0.02290770000035991,0.031875799999397714,0.05821819999982836,1.865234375,39.02734375,1.865234375,False,False
BCNF-Index,fail,10000,2,2,0.1,4,1,1001,1,0.026313099999242695,0.02935070000057749,0.058492200001637684,1.8650131225585938,39.02734375,1.8650131225585938,False,False
BCNF-Index,fail,10000,2,3,0.1,4,1,1001,1,0.020827800000915886,0.03243119999933697,0.05591080000158399,1.8653411865234375,39.1015625,1.8653411865234375,False,False
BCNF-Index,fail,10000,2,4,0.1,4,1,1001,1,0.022345700001096702,0.030358799998793984,0.055806300000767806,1.865234375,39.1015625,1.865234375,False,False
Singleton-FullScan,pass,10000,3,0,0.1,4,1,1000,0,0.0,47.01706010000089,47.20083599999998,2.1886796951293945,32.01953125,2.1886796951293945,True,False
Singleton-FullScan,pass,10000,3,1,0.1,4,1,1000,0,0.0,47.3896048000006,47.57668360000025,2.1886796951293945,32.32421875,2.1886796951293945,True,False
Singleton-FullScan,pass,10000,3,2,0.1,4,1,1000,0,0.0,47.13825739999993,47.32848709999962,2.1886796951293945,32.625,2.1886796951293945,True,False
Singleton-FullScan,pass,10000,3,3,0.1,4,1,1000,0,0.0,46.44665030000033,46.6312209000007,2.1886796951293945,32.3359375,2.1886796951293945,True,False
Singleton-FullScan,pass,10000,3,4,0.1,4,1,1000,0,0.0,46.723514799999975,46.91088520000085,2.1886796951293945,32.359375,2.1886796951293945,True,False
FD-Hash,pass,10000,3,0,0.1,4,1,1000,4,0.1784778000001097,0.007051500000670785,0.18889429999944696,6.141929626464844,39.8203125,6.141929626464844,True,False
FD-Hash,pass,10000,3,1,0.1,4,1,1000,4,0.172522900000331,0.007690700000239303,0.18348010000045178,6.141929626464844,39.87890625,6.141929626464844,True,False
FD-Hash,pass,10000,3,2,0.1,4,1,1000,4,0.17879959999845596,0.00692940000044473,0.18849490000138758,6.141929626464844,39.89453125,6.141929626464844,True,False
FD-Hash,pass,10000,3,3,0.1,4,1,1000,4,0.1770479000006162,0.007434300001477823,0.18774159999884432,6.141929626464844,39.89453125,6.141929626464844,True,False
FD-Hash,pass,10000,3,4,0.1,4,1,1000,4,0.17672260000108508,0.007579399998576264,0.18737210000108462,6.141929626464844,39.8984375,6.141929626464844,True,False
BCNF-Index,pass,10000,3,0,0.1,4,1,1000,1,0.021880199999941397,0.05588530000022729,0.08028349999949569,1.865234375,41.375,1.865234375,True,False
BCNF-Index,pass,10000,3,1,0.1,4,1,1000,1,0.02082680000057735,0.057984299999588984,0.08201350000126695,1.865234375,40.19921875,1.865234375,True,False
BCNF-Index,pass,10000,3,2,0.1,4,1,1000,1,0.02196850000109407,0.05430559999877005,0.07922099999996135,1.865234375,40.19921875,1.865234375,True,False
BCNF-Index,pass,10000,3,3,0.1,4,1,1000,1,0.023251700000400888,0.0550626000003831,0.08107849999942118,1.8650131225585938,40.1953125,1.8650131225585938,True,False
BCNF-Index,pass,10000,3,4,0.1,4,1,1000,1,0.021505000000615837,0.05425149999973655,0.07895580000149494,1.8653411865234375,40.2578125,1.8653411865234375,True,False
Singleton-FullScan,fail,10000,3,0,0.1,4,1,1001,0,0.0,12.783832200000688,12.969537099999798,2.188572883605957,31.97265625,2.188572883605957,False,False
Singleton-FullScan,fail,10000,3,1,0.1,4,1,1001,0,0.0,7.963475099999414,8.147047099999327,2.188572883605957,32.2109375,2.188572883605957,False,False
Singleton-FullScan,fail,10000,3,2,0.1,4,1,1001,0,0.0,7.339155100000426,7.527105400000437,2.188572883605957,32.19140625,2.188572883605957,False,False
Singleton-FullScan,fail,10000,3,3,0.1,4,1,1001,0,0.0,34.373723900000186,34.56421610000143,2.188572883605957,32.578125,2.188572883605957,False,False
Singleton-FullScan,fail,10000,3,4,0.1,4,1,1001,0,0.0,6.425182200000563,6.609981900001003,2.188572883605957,32.1171875,2.188572883605957,False,False
FD-Hash,fail,10000,3,0,0.1,4,1,1001,4,0.17193130000123347,0.005328100000042468,0.1802346000004036,6.141929626464844,39.49609375,6.141929626464844,False,False
FD-Hash,fail,10000,3,1,0.1,4,1,1001,4,0.17164130000128353,0.006020000000717118,0.18080319999899075,6.141929626464844,39.453125,6.141929626464844,False,False
FD-Hash,fail,10000,3,2,0.1,4,1,1001,4,0.17422550000082992,0.005826800001159427,0.1832472999994934,6.141929626464844,39.39453125,6.141929626464844,False,False
FD-Hash,fail,10000,3,3,0.1,4,1,1001,4,0.17301559999941674,0.00572209999882034,0.18177670000113721,6.141929626464844,39.66796875,6.141929626464844,False,False
FD-Hash,fail,10000,3,4,0.1,4,1,1001,4,0.17396580000058748,0.006303800000750925,0.18343519999871205,6.141929626464844,39.66796875,6.141929626464844,False,False
BCNF-Index,fail,10000,3,0,0.1,4,1,1001,1,0.0205604000002495,0.04450830000132555,0.06772739999905752,1.865234375,41.1328125,1.865234375,False,False
BCNF-Index,fail,10000,3,1,0.1,4,1,1001,1,0.021902200000113226,0.04405829999996058,0.06905569999980798,1.865234375,39.69140625,1.865234375,False,False
BCNF-Index,fail,10000,3,2,0.1,4,1,1001,1,0.020591600001353072,0.04342499999984284,0.06738989999939804,1.865234375,39.62890625,1.865234375,False,False
BCNF-Index,fail,10000,3,3,0.1,4,1,1001,1,0.024149900000338675,0.043629300000247895,0.07058770000003278,1.8650131225585938,39.75390625,1.8650131225585938,False,False
BCNF-Index,fail,10000,3,4,0.1,4,1,1001,1,0.02123799999935727,0.04634749999968335,0.07056720000036876,1.8653411865234375,39.75390625,1.8653411865234375,False,False
Singleton-FullScan,pass,10000,4,0,0.1,4,1,1000,0,0.0,46.939132900000914,47.1277955000005,2.1886796951293945,32.6484375,2.1886796951293945,True,False
Singleton-FullScan,pass,10000,4,1,0.1,4,1,1000,0,0.0,47.08041780000167,47.26759990000028,2.1886796951293945,32.3359375,2.1886796951293945,True,False
Singleton-FullScan,pass,10000,4,2,0.1,4,1,1000,0,0.0,46.75441179999871,46.945770000000266,2.1886796951293945,32.24609375,2.1886796951293945,True,False
Singleton-FullScan,pass,10000,4,3,0.1,4,1,1000,0,0.0,46.91137710000112,47.10231430000022,2.1886796951293945,32.6328125,2.1886796951293945,True,False
Singleton-FullScan,pass,10000,4,4,0.1,4,1,1000,0,0.0,46.82762619999994,47.01406289999977,2.1886796951293945,32.23828125,2.1886796951293945,True,False
FD-Hash,pass,10000,4,0,0.1,4,1,1000,4,0.17191019999881973,0.008089199998721597,0.18257899999844085,6.141929626464844,40.08984375,6.141929626464844,True,False
FD-Hash,pass,10000,4,1,0.1,4,1,1000,4,0.17513069999949948,0.007049499999993714,0.18500330000097165,6.141929626464844,39.96484375,6.141929626464844,True,False
FD-Hash,pass,10000,4,2,0.1,4,1,1000,4,0.17489060000116297,0.007646300000487827,0.18544469999869762,6.141929626464844,40.03125,6.141929626464844,True,False
FD-Hash,pass,10000,4,3,0.1,4,1,1000,4,0.17605079999884765,0.006489499999588588,0.1851427000001422,6.141929626464844,40.03125,6.141929626464844,True,False
FD-Hash,pass,10000,4,4,0.1,4,1,1000,4,0.17439489999924263,0.007959399999890593,0.18518799999947078,6.141929626464844,40.03125,6.141929626464844,True,False
BCNF-Index,pass,10000,4,0,0.1,4,1,1000,1,0.020835799999986193,0.055965899999137037,0.07914590000109456,1.865234375,41.640625,1.865234375,True,False
BCNF-Index,pass,10000,4,1,0.1,4,1,1000,1,0.02035009999963222,0.05524429999968561,0.0780441000006249,1.865234375,40.33203125,1.865234375,True,False
BCNF-Index,pass,10000,4,2,0.1,4,1,1000,1,0.021263599999656435,0.057906799998818315,0.08184279999841237,1.865234375,40.33203125,1.865234375,True,False
BCNF-Index,pass,10000,4,3,0.1,4,1,1000,1,0.021963299999697483,0.056534600000304636,0.08168980000118609,1.8653411865234375,40.39453125,1.8653411865234375,True,False
BCNF-Index,pass,10000,4,4,0.1,4,1,1000,1,0.021045000001322478,0.05422480000015639,0.07824559999971825,1.865234375,40.39453125,1.865234375,True,False
Singleton-FullScan,fail,10000,4,0,0.1,4,1,1001,0,0.0,41.63126809999994,41.81793789999938,2.188572883605957,32.359375,2.188572883605957,False,False
Singleton-FullScan,fail,10000,4,1,0.1,4,1,1001,0,0.0,38.69883360000131,38.88359399999899,2.188572883605957,32.41796875,2.188572883605957,False,False
Singleton-FullScan,fail,10000,4,2,0.1,4,1,1001,0,0.0,27.974740400000883,28.1582271999996,2.188572883605957,32.12109375,2.188572883605957,False,False
Singleton-FullScan,fail,10000,4,3,0.1,4,1,1001,0,0.0,39.38247700000102,39.56718170000022,2.188572883605957,32.1484375,2.188572883605957,False,False
Singleton-FullScan,fail,10000,4,4,0.1,4,1,1001,0,0.0,0.552937499998734,0.7377469000002748,2.0233278274536133,32.3203125,2.0233278274536133,False,False
FD-Hash,fail,10000,4,0,0.1,4,1,1001,4,0.16878240000005462,0.0030443999985436676,0.17462239999986195,6.141929626464844,39.59765625,6.141929626464844,False,False
FD-Hash,fail,10000,4,1,0.1,4,1,1001,4,0.17131900000094902,0.0029862999999750173,0.1770328000002337,6.141929626464844,39.59765625,6.141929626464844,False,False
FD-Hash,fail,10000,4,2,0.1,4,1,1001,4,0.1682491999999911,0.0028782000008504838,0.1740475000005972,6.141929626464844,39.5546875,6.141929626464844,False,False
FD-Hash,fail,10000,4,3,0.1,4,1,1001,4,0.17113269999936165,0.0030953000004956266,0.1773910000010801,6.141929626464844,39.46875,6.141929626464844,False,False
FD-Hash,fail,10000,4,4,0.1,4,1,1001,4,0.16697779999958584,0.002883799999835901,0.172957700000552,6.141929626464844,39.46875,6.141929626464844,False,False
BCNF-Index,fail,10000,4,0,0.1,4,1,1001,1,0.02119940000011411,0.024096499999359366,0.047686899999462184,1.865234375,40.9921875,1.865234375,False,False
BCNF-Index,fail,10000,4,1,0.1,4,1,1001,1,0.021713400001317495,0.02383929999996326,0.04854669999986072,1.865234375,41.76953125,1.865234375,False,False
BCNF-Index,fail,10000,4,2,0.1,4,1,1001,1,0.020590899999660905,0.024362100000871578,0.04752130000088073,1.865234375,41.9609375,1.865234375,False,False
BCNF-Index,fail,10000,4,3,0.1,4,1,1001,1,0.020830299999943236,0.02468319999934465,0.04783499999939522,1.865234375,42.03125,1.865234375,False,False
BCNF-Index,fail,10000,4,4,0.1,4,1,1001,1,0.023554199999125558,0.024764699999650475,0.05074659999991127,1.8650131225585938,42.03515625,1.8650131225585938,False,False
Singleton-FullScan,pass,10000,5,0,0.1,4,1,1000,0,0.0,47.40332119999948,47.590655199999674,2.1886796951293945,32.30859375,2.1886796951293945,True,False
Singleton-FullScan,pass,10000,5,1,0.1,4,1,1000,0,0.0,47.15958160000082,47.344826399999874,2.1886796951293945,32.4296875,2.1886796951293945,True,False
Singleton-FullScan,pass,10000,5,2,0.1,4,1,1000,0,0.0,47.27086580000105,47.45614800000112,2.1886796951293945,32.55859375,2.1886796951293945,True,False
Singleton-FullScan,pass,10000,5,3,0.1,4,1,1000,0,0.0,47.2217311000004,47.40679219999947,2.1886796951293945,32.359375,2.1886796951293945,True,False
Singleton-FullScan,pass,10000,5,4,0.1,4,1,1000,0,0.0,49.365463799998906,49.55008689999886,2.1886796951293945,32.3046875,2.1886796951293945,True,False
FD-Hash,pass,10000,5,0,0.1,4,1,1000,4,0.17680359999940265,0.006635800000367453,0.18612260000008973,6.141929626464844,41.8671875,6.141929626464844,True,False
FD-Hash,pass,10000,5,1,0.1,4,1,1000,4,0.17113749999953143,0.008070699999734643,0.18227550000119663,6.141929626464844,40.0859375,6.141929626464844,True,False
FD-Hash,pass,10000,5,2,0.1,4,1,1000,4,0.1702523999992991,0.0070328999991033925,0.18017409999993106,6.141929626464844,40.0859375,6.141929626464844,True,False
FD-Hash,pass,10000,5,3,0.1,4,1,1000,4,0.17295579999881738,0.007102200001099845,0.18280020000020158,6.141929626464844,40.09375,6.141929626464844,True,False
FD-Hash,pass,10000,5,4,0.1,4,1,1000,4,0.1742021999998542,0.007151300000259653,0.18417810000028112,6.141929626464844,40.09375,6.141929626464844,True,False
BCNF-Index,pass,10000,5,0,0.1,4,1,1000,1,0.021717900001021917,0.05598909999935131,0.08013189999837778,1.865234375,42.3828125,1.865234375,True,False
BCNF-Index,pass,10000,5,1,0.1,4,1,1000,1,0.021142900000995724,0.056147899998904904,0.07986909999999625,1.865234375,42.3828125,1.865234375,True,False
BCNF-Index,pass,10000,5,2,0.1,4,1,1000,1,0.02152159999968717,0.06273479999981646,0.08876579999923706,1.865234375,40.3984375,1.865234375,True,False
BCNF-Index,pass,10000,5,3,0.1,4,1,1000,1,0.022202300000571995,0.05966389999957755,0.0848679999999149,1.865234375,40.3984375,1.865234375,True,False
BCNF-Index,pass,10000,5,4,0.1,4,1,1000,1,0.02137630000106583,0.056575599999632686,0.08081959999981336,1.8653411865234375,40.46875,1.8653411865234375,True,False
Singleton-FullScan,fail,10000,5,0,0.1,4,1,1001,0,0.0,20.14042960000006,20.33606129999862,2.188572883605957,32.40625,2.188572883605957,False,False
Singleton-FullScan,fail,10000,5,1,0.1,4,1,1001,0,0.0,2.8655251000000135,3.056396500000119,2.0233278274536133,32.22265625,2.0233278274536133,False,False
Singleton-FullScan,fail,10000,5,2,0.1,4,1,1001,0,0.0,29.822212000000945,30.01585829999931,2.188572883605957,32.7890625,2.188572883605957,False,False
Singleton-FullScan,fail,10000,5,3,0.1,4,1,1001,0,0.0,10.32670699999835,10.513643799999045,2.188572883605957,32.19140625,2.188572883605957,False,False
Singleton-FullScan,fail,10000,5,4,0.1,4,1,1001,0,0.0,13.862708900000143,14.046822199999951,2.188572883605957,32.14453125,2.188572883605957,False,False
FD-Hash,fail,10000,5,0,0.1,4,1,1001,4,0.1651988000012352,0.0028652000000874978,0.17089619999933348,6.141929626464844,39.57421875,6.141929626464844,False,False
FD-Hash,fail,10000,5,1,0.1,4,1,1001,4,0.16933529999914754,0.0029386000005615642,0.1751473000003898,6.141929626464844,39.5859375,6.141929626464844,False,False
FD-Hash,fail,10000,5,2,0.1,4,1,1001,4,0.16618879999987257,0.002892299999075476,0.1724183999995148,6.141929626464844,39.59375,6.141929626464844,False,False
FD-Hash,fail,10000,5,3,0.1,4,1,1001,4,0.16902350000054867,0.0029975000015838305,0.17543059999843535,6.141929626464844,39.86328125,6.141929626464844,False,False
FD-Hash,fail,10000,5,4,0.1,4,1,1001,4,0.16775849999976344,0.0031299000002036337,0.17400260000067647,6.141929626464844,39.86328125,6.141929626464844,False,False
BCNF-Index,fail,10000,5,0,0.1,4,1,1001,1,0.021021399999881396,0.024340899999515386,0.04763989999992191,1.865234375,41.57421875,1.865234375,False,False
BCNF-Index,fail,10000,5,1,0.1,4,1,1001,1,0.021539600000323844,0.024333800000022165,0.04889259999981732,1.865234375,42.23046875,1.865234375,False,False
BCNF-Index,fail,10000,5,2,0.1,4,1,1001,1,0.020438499999727355,0.024680000000444124,0.04806269999971846,1.865234375,42.23046875,1.865234375,False,False
BCNF-Index,fail,10000,5,3,0.1,4,1,1001,1,0.02080999999998312,0.02408329999889247,0.047812599999815575,1.865234375,42.14453125,1.865234375,False,False
BCNF-Index,fail,10000,5,4,0.1,4,1,1001,1,0.021919100001468905,0.025231599998733145,0.04990829999951529,1.865234375,42.296875,1.865234375,False,False
